filename,fold,target,category,esc10,src_file,take,qa_status,all_qa_flags,sample_rate,peak_amplitude,clipped_samples,clipping_severity,dc_offset,active_frame_ratio,filepath
1-100210-A-36.wav,1,36,vacuum_cleaner,False,100210,A,QUARANTINE_CLIPPING_SATURATION,QUARANTINE_CLIPPING_SATURATION,44100,1.0,12,MULTI_SAMPLE_SATURATION,0.00048,1.0,data/ESC-50-master/audio/1-100210-A-36.wav
1-100210-B-36.wav,1,36,vacuum_cleaner,False,100210,B,QUARANTINE_CLIPPING_SATURATION,QUARANTINE_CLIPPING_SATURATION,44100,1.0,25,MULTI_SAMPLE_SATURATION,0.00038,1.0,data/ESC-50-master/audio/1-100210-B-36.wav
1-17367-A-10.wav,1,10,rain,True,17367,A,PASS,PASS,44100,0.6636,0,NONE,2e-05,1.0,data/ESC-50-master/audio/1-17367-A-10.wav
1-18527-A-44.wav,1,44,engine,False,18527,A,PASS,PASS,44100,0.3015,0,NONE,0.00016,1.0,data/ESC-50-master/audio/1-18527-A-44.wav
1-18527-B-44.wav,1,44,engine,False,18527,B,PASS,PASS,44100,0.3859,0,NONE,0.00015,1.0,data/ESC-50-master/audio/1-18527-B-44.wav
1-187207-A-20.wav,1,20,crying_baby,True,187207,A,PASS,PASS,44100,0.9428,0,NONE,1e-05,0.83,data/ESC-50-master/audio/1-187207-A-20.wav
1-19111-A-24.wav,1,24,coughing,False,19111,A,PASS,PASS,44100,0.8283,0,NONE,3e-05,0.17,data/ESC-50-master/audio/1-19111-A-24.wav
1-19118-A-24.wav,1,24,coughing,False,19118,A,QUARANTINE_EXCESSIVE_DEAD_AIR,QUARANTINE_EXCESSIVE_DEAD_AIR,44100,0.0966,0,NONE,1e-05,0.08,data/ESC-50-master/audio/1-19118-A-24.wav
1-19840-A-36.wav,1,36,vacuum_cleaner,False,19840,A,PASS,PASS,44100,0.1156,0,NONE,0.0006,1.0,data/ESC-50-master/audio/1-19840-A-36.wav
1-19872-A-36.wav,1,36,vacuum_cleaner,False,19872,A,PASS,PASS,44100,0.443,0,NONE,0.0017,1.0,data/ESC-50-master/audio/1-19872-A-36.wav
1-19872-B-36.wav,1,36,vacuum_cleaner,False,19872,B,PASS,PASS,44100,0.3341,0,NONE,0.00165,1.0,data/ESC-50-master/audio/1-19872-B-36.wav
1-20545-A-28.wav,1,28,snoring,False,20545,A,PASS,PASS,44100,0.3721,0,NONE,3e-05,0.91,data/ESC-50-master/audio/1-20545-A-28.wav
1-211527-A-20.wav,1,20,crying_baby,True,211527,A,PASS,PASS,44100,0.7812,0,NONE,0.0,0.88,data/ESC-50-master/audio/1-211527-A-20.wav
1-211527-B-20.wav,1,20,crying_baby,True,211527,B,PASS,PASS,44100,0.7721,0,NONE,3e-05,1.0,data/ESC-50-master/audio/1-211527-B-20.wav
1-211527-C-20.wav,1,20,crying_baby,True,211527,C,PASS,PASS,44100,0.7574,0,NONE,0.0,0.97,data/ESC-50-master/audio/1-211527-C-20.wav
1-21189-A-10.wav,1,10,rain,True,21189,A,PASS,PASS,44100,0.6538,0,NONE,3e-05,1.0,data/ESC-50-master/audio/1-21189-A-10.wav
1-21896-A-35.wav,1,35,washing_machine,False,21896,A,PASS,PASS,44100,0.5159,0,NONE,0.00068,1.0,data/ESC-50-master/audio/1-21896-A-35.wav
1-22694-A-20.wav,1,20,crying_baby,True,22694,A,PASS,PASS,44100,0.8672,0,NONE,1e-05,0.69,data/ESC-50-master/audio/1-22694-A-20.wav
1-22694-B-20.wav,1,20,crying_baby,True,22694,B,PASS,PASS,44100,0.7388,0,NONE,0.0,0.72,data/ESC-50-master/audio/1-22694-B-20.wav
1-22882-A-44.wav,1,44,engine,False,22882,A,PASS,PASS,44100,0.6633,0,NONE,0.00011,1.0,data/ESC-50-master/audio/1-22882-A-44.wav
1-23996-A-35.wav,1,35,washing_machine,False,23996,A,PASS,PASS,44100,0.8284,0,NONE,0.00022,1.0,data/ESC-50-master/audio/1-23996-A-35.wav
1-23996-B-35.wav,1,35,washing_machine,False,23996,B,QUARANTINE_CLIPPING_SATURATION,QUARANTINE_CLIPPING_SATURATION,44100,1.0,16,MULTI_SAMPLE_SATURATION,0.00029,1.0,data/ESC-50-master/audio/1-23996-B-35.wav
1-26222-A-10.wav,1,10,rain,True,26222,A,PASS,PASS,44100,0.5615,0,NONE,6e-05,1.0,data/ESC-50-master/audio/1-26222-A-10.wav
1-27165-A-35.wav,1,35,washing_machine,False,27165,A,PASS,PASS,44100,0.4322,0,NONE,1e-05,1.0,data/ESC-50-master/audio/1-27165-A-35.wav
1-27166-A-35.wav,1,35,washing_machine,False,27166,A,PASS,PASS,44100,0.8055,0,NONE,5e-05,1.0,data/ESC-50-master/audio/1-27166-A-35.wav
1-27403-A-28.wav,1,28,snoring,False,27403,A,PASS,PASS,44100,0.4721,0,NONE,2e-05,1.0,data/ESC-50-master/audio/1-27403-A-28.wav
1-27405-A-28.wav,1,28,snoring,False,27405,A,PASS,PASS,44100,0.453,0,NONE,1e-05,0.27,data/ESC-50-master/audio/1-27405-A-28.wav
1-29561-A-10.wav,1,10,rain,True,29561,A,PASS,PASS,44100,0.6697,0,NONE,0.0,1.0,data/ESC-50-master/audio/1-29561-A-10.wav
1-30830-A-24.wav,1,24,coughing,False,30830,A,PASS,PASS,44100,0.842,0,NONE,5e-05,0.33,data/ESC-50-master/audio/1-30830-A-24.wav
1-31482-A-42.wav,1,42,siren,False,31482,A,QUARANTINE_CLIPPING_SATURATION,QUARANTINE_CLIPPING_SATURATION,44100,1.0,593,MULTI_SAMPLE_SATURATION,0.00018,1.0,data/ESC-50-master/audio/1-31482-A-42.wav
1-31482-B-42.wav,1,42,siren,False,31482,B,QUARANTINE_CLIPPING_SATURATION,QUARANTINE_CLIPPING_SATURATION,44100,1.0,142,MULTI_SAMPLE_SATURATION,5e-05,1.0,data/ESC-50-master/audio/1-31482-B-42.wav
1-32373-A-35.wav,1,35,washing_machine,False,32373,A,PASS,PASS,44100,0.6147,0,NONE,0.00016,1.0,data/ESC-50-master/audio/1-32373-A-35.wav
1-32373-B-35.wav,1,35,washing_machine,False,32373,B,PASS,PASS,44100,0.6368,0,NONE,0.00027,1.0,data/ESC-50-master/audio/1-32373-B-35.wav
1-39937-A-28.wav,1,28,snoring,False,39937,A,PASS,PASS,44100,0.1317,0,NONE,4e-05,1.0,data/ESC-50-master/audio/1-39937-A-28.wav
1-40621-A-28.wav,1,28,snoring,False,40621,A,PASS,PASS,44100,0.1121,0,NONE,1e-05,0.57,data/ESC-50-master/audio/1-40621-A-28.wav
1-40967-A-28.wav,1,28,snoring,False,40967,A,PASS,PASS,44100,0.1825,0,NONE,0.00011,0.27,data/ESC-50-master/audio/1-40967-A-28.wav
1-46744-A-36.wav,1,36,vacuum_cleaner,False,46744,A,QUARANTINE_CLIPPING_SATURATION,QUARANTINE_CLIPPING_SATURATION,44100,1.0,5455,MULTI_SAMPLE_SATURATION,0.00181,1.0,data/ESC-50-master/audio/1-46744-A-36.wav
1-47923-A-28.wav,1,28,snoring,False,47923,A,PASS,PASS,44100,0.2996,0,NONE,0.0,0.9,data/ESC-50-master/audio/1-47923-A-28.wav
1-49098-A-35.wav,1,35,washing_machine,False,49098,A,PASS,PASS,44100,0.9157,0,NONE,0.00034,0.7,data/ESC-50-master/audio/1-49098-A-35.wav
1-50060-A-10.wav,1,10,rain,True,50060,A,PASS,PASS,44100,0.9301,0,NONE,0.0,1.0,data/ESC-50-master/audio/1-50060-A-10.wav
1-50454-A-44.wav,1,44,engine,False,50454,A,PASS,PASS,44100,0.2905,0,NONE,6e-05,0.55,data/ESC-50-master/audio/1-50454-A-44.wav
1-50455-A-44.wav,1,44,engine,False,50455,A,PASS,PASS,44100,0.265,0,NONE,3e-05,0.59,data/ESC-50-master/audio/1-50455-A-44.wav
1-50661-A-44.wav,1,44,engine,False,50661,A,QUARANTINE_CLIPPING_SATURATION,QUARANTINE_CLIPPING_SATURATION,44100,1.0,4570,MULTI_SAMPLE_SATURATION,0.00031,1.0,data/ESC-50-master/audio/1-50661-A-44.wav
1-52266-A-24.wav,1,24,coughing,False,52266,A,PASS,PASS,44100,0.4552,0,NONE,1e-05,0.45,data/ESC-50-master/audio/1-52266-A-24.wav
1-52323-A-24.wav,1,24,coughing,False,52323,A,PASS,PASS,44100,0.3173,0,NONE,3e-05,0.32,data/ESC-50-master/audio/1-52323-A-24.wav
1-53444-A-28.wav,1,28,snoring,False,53444,A,QUARANTINE_CLIPPING_SATURATION,QUARANTINE_CLIPPING_SATURATION,44100,1.0,9,MULTI_SAMPLE_SATURATION,3e-05,1.0,data/ESC-50-master/audio/1-53444-A-28.wav
1-53663-A-24.wav,1,24,coughing,False,53663,A,PASS,PASS,44100,0.5605,0,NONE,0.00069,0.53,data/ESC-50-master/audio/1-53663-A-24.wav
1-54084-A-42.wav,1,42,siren,False,54084,A,PASS,PASS,44100,0.3389,0,NONE,0.0,1.0,data/ESC-50-master/audio/1-54084-A-42.wav
1-54958-A-10.wav,1,10,rain,True,54958,A,PASS,PASS,44100,0.9322,0,NONE,0.00012,1.0,data/ESC-50-master/audio/1-54958-A-10.wav
1-56311-A-10.wav,1,10,rain,True,56311,A,PASS,PASS,44100,0.7088,0,NONE,3e-05,1.0,data/ESC-50-master/audio/1-56311-A-10.wav
1-58792-A-24.wav,1,24,coughing,False,58792,A,QUARANTINE_CLIPPING_SATURATION,QUARANTINE_CLIPPING_SATURATION,44100,1.0,9932,MULTI_SAMPLE_SATURATION,0.00035,0.65,data/ESC-50-master/audio/1-58792-A-24.wav
1-60460-A-36.wav,1,36,vacuum_cleaner,False,60460,A,PASS,PASS,44100,0.3702,0,NONE,1e-05,1.0,data/ESC-50-master/audio/1-60460-A-36.wav
1-60997-A-20.wav,1,20,crying_baby,True,60997,A,PASS,PASS,44100,0.8111,0,NONE,0.0,0.79,data/ESC-50-master/audio/1-60997-A-20.wav
1-60997-B-20.wav,1,20,crying_baby,True,60997,B,PASS,PASS,44100,0.7872,0,NONE,0.0,0.91,data/ESC-50-master/audio/1-60997-B-20.wav
1-61261-A-44.wav,1,44,engine,False,61261,A,PASS,PASS,44100,0.3802,0,NONE,3e-05,1.0,data/ESC-50-master/audio/1-61261-A-44.wav
1-62565-A-44.wav,1,44,engine,False,62565,A,PASS,PASS,44100,0.7546,0,NONE,0.0001,1.0,data/ESC-50-master/audio/1-62565-A-44.wav
1-63679-A-24.wav,1,24,coughing,False,63679,A,PASS,PASS,44100,0.6432,0,NONE,0.00102,0.63,data/ESC-50-master/audio/1-63679-A-24.wav
1-63871-A-10.wav,1,10,rain,True,63871,A,PASS,PASS,44100,0.5904,0,NONE,1e-05,1.0,data/ESC-50-master/audio/1-63871-A-10.wav
1-76831-A-42.wav,1,42,siren,False,76831,A,QUARANTINE_CLIPPING_SATURATION,QUARANTINE_CLIPPING_SATURATION,44100,1.0,114,MULTI_SAMPLE_SATURATION,2e-05,1.0,data/ESC-50-master/audio/1-76831-A-42.wav
1-76831-B-42.wav,1,42,siren,False,76831,B,QUARANTINE_CLIPPING_SATURATION,QUARANTINE_CLIPPING_SATURATION,44100,1.0,35,MULTI_SAMPLE_SATURATION,5e-05,1.0,data/ESC-50-master/audio/1-76831-B-42.wav
1-76831-C-42.wav,1,42,siren,False,76831,C,QUARANTINE_CLIPPING_SATURATION,QUARANTINE_CLIPPING_SATURATION,44100,1.0,20,MULTI_SAMPLE_SATURATION,7e-05,1.0,data/ESC-50-master/audio/1-76831-C-42.wav
1-76831-D-42.wav,1,42,siren,False,76831,D,QUARANTINE_CLIPPING_SATURATION,QUARANTINE_CLIPPING_SATURATION,44100,1.0,82,MULTI_SAMPLE_SATURATION,3e-05,1.0,data/ESC-50-master/audio/1-76831-D-42.wav
1-76831-E-42.wav,1,42,siren,False,76831,E,QUARANTINE_CLIPPING_SATURATION,QUARANTINE_CLIPPING_SATURATION,44100,1.0,53,MULTI_SAMPLE_SATURATION,3e-05,1.0,data/ESC-50-master/audio/1-76831-E-42.wav
1-79236-A-36.wav,1,36,vacuum_cleaner,False,79236,A,QUARANTINE_CLIPPING_SATURATION,QUARANTINE_CLIPPING_SATURATION,44100,1.0,17,MULTI_SAMPLE_SATURATION,5e-05,1.0,data/ESC-50-master/audio/1-79236-A-36.wav
2-101676-A-10.wav,2,10,rain,True,101676,A,PASS,PASS,44100,0.941,0,NONE,7e-05,1.0,data/ESC-50-master/audio/2-101676-A-10.wav
2-102567-A-35.wav,2,35,washing_machine,False,102567,A,PASS,PASS,44100,0.9308,0,NONE,0.00033,1.0,data/ESC-50-master/audio/2-102567-A-35.wav
2-102567-B-35.wav,2,35,washing_machine,False,102567,B,PASS,PASS,44100,0.2398,0,NONE,8e-05,1.0,data/ESC-50-master/audio/2-102567-B-35.wav
2-102567-C-35.wav,2,35,washing_machine,False,102567,C,PASS,PASS,44100,0.5576,0,NONE,0.00022,1.0,data/ESC-50-master/audio/2-102567-C-35.wav
2-102567-D-35.wav,2,35,washing_machine,False,102567,D,PASS,PASS,44100,0.8936,0,NONE,0.00097,1.0,data/ESC-50-master/audio/2-102567-D-35.wav
2-102568-A-35.wav,2,35,washing_machine,False,102568,A,PASS,PASS,44100,0.1935,0,NONE,9e-05,1.0,data/ESC-50-master/audio/2-102568-A-35.wav
2-106014-A-44.wav,2,44,engine,False,106014,A,PASS,PASS,44100,0.2378,0,NONE,7e-05,1.0,data/ESC-50-master/audio/2-106014-A-44.wav
2-106015-A-44.wav,2,44,engine,False,106015,A,PASS,PASS,44100,0.4263,0,NONE,7e-05,1.0,data/ESC-50-master/audio/2-106015-A-44.wav
2-106015-B-44.wav,2,44,engine,False,106015,B,PASS,PASS,44100,0.4059,0,NONE,6e-05,1.0,data/ESC-50-master/audio/2-106015-B-44.wav
2-106072-A-36.wav,2,36,vacuum_cleaner,False,106072,A,QUARANTINE_CLIPPING_SATURATION,QUARANTINE_CLIPPING_SATURATION,44100,1.0,659,MULTI_SAMPLE_SATURATION,0.00011,1.0,data/ESC-50-master/audio/2-106072-A-36.wav
2-106073-A-36.wav,2,36,vacuum_cleaner,False,106073,A,QUARANTINE_CLIPPING_SATURATION,QUARANTINE_CLIPPING_SATURATION,44100,1.0,5,MULTI_SAMPLE_SATURATION,8e-05,1.0,data/ESC-50-master/audio/2-106073-A-36.wav
2-106486-A-44.wav,2,44,engine,False,106486,A,PASS,PASS,44100,0.119,0,NONE,6e-05,1.0,data/ESC-50-master/audio/2-106486-A-44.wav
2-106487-A-44.wav,2,44,engine,False,106487,A,PASS,PASS,44100,0.3643,0,NONE,0.0003,1.0,data/ESC-50-master/audio/2-106487-A-44.wav
2-107228-A-44.wav,2,44,engine,False,107228,A,QUARANTINE_CLIPPING_SATURATION,QUARANTINE_CLIPPING_SATURATION,44100,1.0,44,MULTI_SAMPLE_SATURATION,4e-05,1.0,data/ESC-50-master/audio/2-107228-A-44.wav
2-107228-B-44.wav,2,44,engine,False,107228,B,PASS,PASS,44100,0.5546,0,NONE,4e-05,0.89,data/ESC-50-master/audio/2-107228-B-44.wav
2-107351-A-20.wav,2,20,crying_baby,True,107351,A,PASS,PASS,44100,0.9932,0,NONE,0.0,0.9,data/ESC-50-master/audio/2-107351-A-20.wav
2-107351-B-20.wav,2,20,crying_baby,True,107351,B,QUARANTINE_CLIPPING_SATURATION,QUARANTINE_CLIPPING_SATURATION,44100,1.0,321,MULTI_SAMPLE_SATURATION,0.00175,0.94,data/ESC-50-master/audio/2-107351-B-20.wav
2-108017-A-24.wav,2,24,coughing,False,108017,A,QUARANTINE_CLIPPING_SATURATION,QUARANTINE_CLIPPING_SATURATION,44100,1.0,2236,MULTI_SAMPLE_SATURATION,0.00163,0.86,data/ESC-50-master/audio/2-108017-A-24.wav
2-110417-A-28.wav,2,28,snoring,False,110417,A,PASS,PASS,44100,0.0751,0,NONE,1e-05,0.24,data/ESC-50-master/audio/2-110417-A-28.wav
2-110417-B-28.wav,2,28,snoring,False,110417,B,PASS,PASS,44100,0.1163,0,NONE,1e-05,0.27,data/ESC-50-master/audio/2-110417-B-28.wav
2-114609-A-28.wav,2,28,snoring,False,114609,A,PASS,PASS,44100,0.5253,0,NONE,0.00017,0.66,data/ESC-50-master/audio/2-114609-A-28.wav
2-114609-B-28.wav,2,28,snoring,False,114609,B,PASS,PASS,44100,0.3231,0,NONE,0.00018,0.7,data/ESC-50-master/audio/2-114609-B-28.wav
2-117330-A-28.wav,2,28,snoring,False,117330,A,PASS,PASS,44100,0.4464,0,NONE,0.00037,1.0,data/ESC-50-master/audio/2-117330-A-28.wav
2-117625-A-10.wav,2,10,rain,True,117625,A,PASS,PASS,44100,0.7088,0,NONE,1e-05,1.0,data/ESC-50-master/audio/2-117625-A-10.wav
2-121909-A-35.wav,2,35,washing_machine,False,121909,A,PASS,PASS,44100,0.4607,0,NONE,0.00019,1.0,data/ESC-50-master/audio/2-121909-A-35.wav
2-122820-A-36.wav,2,36,vacuum_cleaner,False,122820,A,PASS,PASS,44100,0.7992,0,NONE,0.00032,1.0,data/ESC-50-master/audio/2-122820-A-36.wav
2-122820-B-36.wav,2,36,vacuum_cleaner,False,122820,B,PASS,PASS,44100,0.782,0,NONE,0.00023,1.0,data/ESC-50-master/audio/2-122820-B-36.wav
2-123896-A-24.wav,2,24,coughing,False,123896,A,QUARANTINE_CLIPPING_SATURATION,QUARANTINE_CLIPPING_SATURATION,44100,1.0,82,MULTI_SAMPLE_SATURATION,3e-05,0.59,data/ESC-50-master/audio/2-123896-A-24.wav
2-141681-A-36.wav,2,36,vacuum_cleaner,False,141681,A,PASS,PASS,44100,0.4787,0,NONE,0.00023,1.0,data/ESC-50-master/audio/2-141681-A-36.wav
2-141681-B-36.wav,2,36,vacuum_cleaner,False,141681,B,PASS,PASS,44100,0.9431,0,NONE,2e-05,1.0,data/ESC-50-master/audio/2-141681-B-36.wav
2-141682-A-36.wav,2,36,vacuum_cleaner,False,141682,A,QUARANTINE_CLIPPING_SATURATION,QUARANTINE_CLIPPING_SATURATION,44100,1.0,67,MULTI_SAMPLE_SATURATION,0.0002,1.0,data/ESC-50-master/audio/2-141682-A-36.wav
2-141682-B-36.wav,2,36,vacuum_cleaner,False,141682,B,QUARANTINE_CLIPPING_SATURATION,QUARANTINE_CLIPPING_SATURATION,44100,1.0,16,MULTI_SAMPLE_SATURATION,1e-05,1.0,data/ESC-50-master/audio/2-141682-B-36.wav
2-151079-A-20.wav,2,20,crying_baby,True,151079,A,PASS,PASS,44100,0.5731,0,NONE,1e-05,0.74,data/ESC-50-master/audio/2-151079-A-20.wav
2-43802-A-42.wav,2,42,siren,False,43802,A,PASS,PASS,44100,0.9697,0,NONE,4e-05,1.0,data/ESC-50-master/audio/2-43802-A-42.wav
2-43806-A-42.wav,2,42,siren,False,43806,A,PASS,PASS,44100,0.802,0,NONE,6e-05,0.91,data/ESC-50-master/audio/2-43806-A-42.wav
2-50665-A-20.wav,2,20,crying_baby,True,50665,A,PASS,PASS,44100,0.8951,0,NONE,3e-05,0.55,data/ESC-50-master/audio/2-50665-A-20.wav
2-50666-A-20.wav,2,20,crying_baby,True,50666,A,PASS,PASS,44100,0.6569,0,NONE,0.00013,0.86,data/ESC-50-master/audio/2-50666-A-20.wav
2-51173-A-35.wav,2,35,washing_machine,False,51173,A,PASS,PASS,44100,0.8398,0,NONE,0.00034,1.0,data/ESC-50-master/audio/2-51173-A-35.wav
2-52001-A-28.wav,2,28,snoring,False,52001,A,PASS,PASS,44100,0.4452,0,NONE,1e-05,0.3,data/ESC-50-master/audio/2-52001-A-28.wav
2-52001-B-28.wav,2,28,snoring,False,52001,B,PASS,PASS,44100,0.1686,0,NONE,3e-05,0.9,data/ESC-50-master/audio/2-52001-B-28.wav
2-59241-A-35.wav,2,35,washing_machine,False,59241,A,PASS,PASS,44100,0.5821,0,NONE,4e-05,1.0,data/ESC-50-master/audio/2-59241-A-35.wav
2-66637-A-20.wav,2,20,crying_baby,True,66637,A,PASS,PASS,44100,0.7539,0,NONE,0.0,0.99,data/ESC-50-master/audio/2-66637-A-20.wav
2-66637-B-20.wav,2,20,crying_baby,True,66637,B,PASS,PASS,44100,0.7541,0,NONE,1e-05,1.0,data/ESC-50-master/audio/2-66637-B-20.wav
2-70052-A-42.wav,2,42,siren,False,70052,A,QUARANTINE_CLIPPING_SATURATION,QUARANTINE_CLIPPING_SATURATION,44100,1.0,568,MULTI_SAMPLE_SATURATION,3e-05,1.0,data/ESC-50-master/audio/2-70052-A-42.wav
2-70052-B-42.wav,2,42,siren,False,70052,B,QUARANTINE_CLIPPING_SATURATION,QUARANTINE_CLIPPING_SATURATION,44100,1.0,189,MULTI_SAMPLE_SATURATION,4e-05,0.77,data/ESC-50-master/audio/2-70052-B-42.wav
2-70936-A-42.wav,2,42,siren,False,70936,A,PASS,PASS,44100,0.9603,0,NONE,2e-05,1.0,data/ESC-50-master/audio/2-70936-A-42.wav
2-70938-A-42.wav,2,42,siren,False,70938,A,QUARANTINE_CLIPPING_SATURATION,QUARANTINE_CLIPPING_SATURATION,44100,1.0,14,MULTI_SAMPLE_SATURATION,1e-05,0.65,data/ESC-50-master/audio/2-70938-A-42.wav
2-70939-A-42.wav,2,42,siren,False,70939,A,QUARANTINE_CLIPPING_SATURATION,QUARANTINE_CLIPPING_SATURATION,44100,1.0,37,MULTI_SAMPLE_SATURATION,0.0,1.0,data/ESC-50-master/audio/2-70939-A-42.wav
2-72688-A-42.wav,2,42,siren,False,72688,A,QUARANTINE_DC_OFFSET,QUARANTINE_DC_OFFSET,44100,0.875,0,NONE,0.0224,1.0,data/ESC-50-master/audio/2-72688-A-42.wav
2-72970-A-10.wav,2,10,rain,True,72970,A,PASS,PASS,44100,0.9418,0,NONE,3e-05,1.0,data/ESC-50-master/audio/2-72970-A-10.wav
2-73027-A-10.wav,2,10,rain,True,73027,A,PASS,PASS,44100,0.6126,0,NONE,0.00038,1.0,data/ESC-50-master/audio/2-73027-A-10.wav
2-73260-A-10.wav,2,10,rain,True,73260,A,PASS,PASS,44100,0.535,0,NONE,9e-05,1.0,data/ESC-50-master/audio/2-73260-A-10.wav
2-78651-A-44.wav,2,44,engine,False,78651,A,PASS,PASS,44100,0.9449,0,NONE,3e-05,1.0,data/ESC-50-master/audio/2-78651-A-44.wav
2-80313-A-28.wav,2,28,snoring,False,80313,A,PASS,PASS,44100,0.4205,0,NONE,1e-05,1.0,data/ESC-50-master/audio/2-80313-A-28.wav
2-80482-A-20.wav,2,20,crying_baby,True,80482,A,PASS,PASS,44100,0.7885,0,NONE,0.0,0.76,data/ESC-50-master/audio/2-80482-A-20.wav
2-81731-A-10.wav,2,10,rain,True,81731,A,PASS,PASS,44100,0.839,0,NONE,0.0,1.0,data/ESC-50-master/audio/2-81731-A-10.wav
2-82367-A-10.wav,2,10,rain,True,82367,A,PASS,PASS,44100,0.7162,0,NONE,2e-05,1.0,data/ESC-50-master/audio/2-82367-A-10.wav
2-85292-A-24.wav,2,24,coughing,False,85292,A,QUARANTINE_CLIPPING_SATURATION,QUARANTINE_CLIPPING_SATURATION,44100,1.0,113,MULTI_SAMPLE_SATURATION,9e-05,0.71,data/ESC-50-master/audio/2-85292-A-24.wav
2-87412-A-24.wav,2,24,coughing,False,87412,A,QUARANTINE_CLIPPING_SATURATION,QUARANTINE_CLIPPING_SATURATION,44100,1.0,1936,MULTI_SAMPLE_SATURATION,3e-05,0.33,data/ESC-50-master/audio/2-87412-A-24.wav
2-87781-A-10.wav,2,10,rain,True,87781,A,PASS,PASS,44100,0.8756,0,NONE,0.00038,1.0,data/ESC-50-master/audio/2-87781-A-10.wav
2-87794-A-24.wav,2,24,coughing,False,87794,A,QUARANTINE_CLIPPING_SATURATION,QUARANTINE_CLIPPING_SATURATION,44100,1.0,2192,MULTI_SAMPLE_SATURATION,0.00164,0.57,data/ESC-50-master/audio/2-87794-A-24.wav
2-87795-A-24.wav,2,24,coughing,False,87795,A,QUARANTINE_CLIPPING_SATURATION,QUARANTINE_CLIPPING_SATURATION,44100,1.0,3511,MULTI_SAMPLE_SATURATION,0.00093,0.69,data/ESC-50-master/audio/2-87795-A-24.wav
2-87799-A-24.wav,2,24,coughing,False,87799,A,QUARANTINE_CLIPPING_SATURATION,QUARANTINE_CLIPPING_SATURATION,44100,1.0,4180,MULTI_SAMPLE_SATURATION,0.00021,0.45,data/ESC-50-master/audio/2-87799-A-24.wav
2-98676-A-24.wav,2,24,coughing,False,98676,A,PASS,PASS,44100,0.1173,0,NONE,1e-05,0.15,data/ESC-50-master/audio/2-98676-A-24.wav
3-115382-A-44.wav,3,44,engine,False,115382,A,QUARANTINE_CLIPPING_SATURATION,QUARANTINE_CLIPPING_SATURATION|QUARANTINE_DC_OFFSET,44100,1.0,3626,MULTI_SAMPLE_SATURATION,0.12938,1.0,data/ESC-50-master/audio/3-115382-A-44.wav
3-119455-A-44.wav,3,44,engine,False,119455,A,PASS,PASS,44100,0.3756,0,NONE,0.00073,1.0,data/ESC-50-master/audio/3-119455-A-44.wav
3-123086-A-28.wav,3,28,snoring,False,123086,A,PASS,PASS,44100,0.1076,0,NONE,6e-05,1.0,data/ESC-50-master/audio/3-123086-A-28.wav
3-124795-A-28.wav,3,28,snoring,False,124795,A,PASS,PASS,44100,0.0287,0,NONE,1e-05,0.39,data/ESC-50-master/audio/3-124795-A-28.wav
3-124958-A-28.wav,3,28,snoring,False,124958,A,PASS,PASS,44100,0.458,0,NONE,0.0001,1.0,data/ESC-50-master/audio/3-124958-A-28.wav
3-125418-A-24.wav,3,24,coughing,False,125418,A,PASS,PASS,44100,0.1958,0,NONE,0.00026,0.6,data/ESC-50-master/audio/3-125418-A-24.wav
3-128160-A-44.wav,3,44,engine,False,128160,A,PASS,PASS,44100,0.1169,0,NONE,0.00057,1.0,data/ESC-50-master/audio/3-128160-A-44.wav
3-130998-A-28.wav,3,28,snoring,False,130998,A,PASS,PASS,44100,0.438,0,NONE,0.00108,1.0,data/ESC-50-master/audio/3-130998-A-28.wav
3-130998-B-28.wav,3,28,snoring,False,130998,B,QUARANTINE_CLIPPING_SATURATION,QUARANTINE_CLIPPING_SATURATION,44100,1.0,23,MULTI_SAMPLE_SATURATION,0.00141,1.0,data/ESC-50-master/audio/3-130998-B-28.wav
3-132601-A-24.wav,3,24,coughing,False,132601,A,PASS,PASS,44100,0.3969,0,NONE,0.0,0.14,data/ESC-50-master/audio/3-132601-A-24.wav
3-132852-A-10.wav,3,10,rain,True,132852,A,PASS,PASS,44100,0.7143,0,NONE,0.00046,1.0,data/ESC-50-master/audio/3-132852-A-10.wav
3-135469-A-35.wav,3,35,washing_machine,False,135469,A,PASS,PASS,44100,0.6782,0,NONE,0.00062,1.0,data/ESC-50-master/audio/3-135469-A-35.wav
3-140774-A-10.wav,3,10,rain,True,140774,A,PASS,PASS,44100,0.6602,0,NONE,0.00034,1.0,data/ESC-50-master/audio/3-140774-A-10.wav
3-141240-A-44.wav,3,44,engine,False,141240,A,QUARANTINE_CLIPPING_SATURATION,QUARANTINE_CLIPPING_SATURATION,44100,1.0,6,MULTI_SAMPLE_SATURATION,0.00014,0.99,data/ESC-50-master/audio/3-141240-A-44.wav
3-141240-B-44.wav,3,44,engine,False,141240,B,PASS,PASS,44100,0.1543,0,NONE,3e-05,1.0,data/ESC-50-master/audio/3-141240-B-44.wav
3-142005-A-10.wav,3,10,rain,True,142005,A,PASS,PASS,44100,0.6925,0,NONE,0.00048,1.0,data/ESC-50-master/audio/3-142005-A-10.wav
3-142006-A-10.wav,3,10,rain,True,142006,A,PASS,PASS,44100,0.5059,0,NONE,0.00015,1.0,data/ESC-50-master/audio/3-142006-A-10.wav
3-142604-A-24.wav,3,24,coughing,False,142604,A,PASS,PASS,44100,0.7332,0,NONE,1e-05,0.56,data/ESC-50-master/audio/3-142604-A-24.wav
3-143929-A-10.wav,3,10,rain,True,143929,A,PASS,PASS,44100,0.7544,0,NONE,4e-05,1.0,data/ESC-50-master/audio/3-143929-A-10.wav
3-145487-A-24.wav,3,24,coughing,False,145487,A,PASS,PASS,44100,0.9783,0,NONE,0.0,0.14,data/ESC-50-master/audio/3-145487-A-24.wav
3-146186-A-44.wav,3,44,engine,False,146186,A,PASS,PASS,44100,0.6935,0,NONE,0.00032,1.0,data/ESC-50-master/audio/3-146186-A-44.wav
3-146873-A-24.wav,3,24,coughing,False,146873,A,PASS,PASS,44100,0.7635,0,NONE,1e-05,0.23,data/ESC-50-master/audio/3-146873-A-24.wav
3-149042-A-24.wav,3,24,coughing,False,149042,A,QUARANTINE_EXCESSIVE_DEAD_AIR,QUARANTINE_EXCESSIVE_DEAD_AIR,44100,0.4246,0,NONE,1e-05,0.08,data/ESC-50-master/audio/3-149042-A-24.wav
3-151080-A-20.wav,3,20,crying_baby,True,151080,A,PASS,PASS,44100,0.8322,0,NONE,0.0,0.94,data/ESC-50-master/audio/3-151080-A-20.wav
3-151081-A-20.wav,3,20,crying_baby,True,151081,A,PASS,PASS,44100,0.8897,0,NONE,1e-05,0.97,data/ESC-50-master/audio/3-151081-A-20.wav
3-151081-B-20.wav,3,20,crying_baby,True,151081,B,PASS,PASS,44100,0.9233,0,NONE,2e-05,1.0,data/ESC-50-master/audio/3-151081-B-20.wav
3-151212-A-24.wav,3,24,coughing,False,151212,A,PASS,PASS,44100,0.4505,0,NONE,0.0,0.18,data/ESC-50-master/audio/3-151212-A-24.wav
3-151213-A-24.wav,3,24,coughing,False,151213,A,QUARANTINE_CLIPPING_SATURATION,QUARANTINE_CLIPPING_SATURATION,44100,1.0,22,MULTI_SAMPLE_SATURATION,4e-05,0.18,data/ESC-50-master/audio/3-151213-A-24.wav
3-151255-A-28.wav,3,28,snoring,False,151255,A,PASS,PASS,44100,0.3153,0,NONE,4e-05,0.56,data/ESC-50-master/audio/3-151255-A-28.wav
3-151269-A-35.wav,3,35,washing_machine,False,151269,A,QUARANTINE_DC_OFFSET,QUARANTINE_DC_OFFSET,44100,0.3913,0,NONE,0.00274,1.0,data/ESC-50-master/audio/3-151269-A-35.wav
3-151273-A-35.wav,3,35,washing_machine,False,151273,A,QUARANTINE_DC_OFFSET,QUARANTINE_DC_OFFSET,44100,0.4689,0,NONE,0.00248,1.0,data/ESC-50-master/audio/3-151273-A-35.wav
3-151557-A-28.wav,3,28,snoring,False,151557,A,PASS,PASS,44100,0.4135,0,NONE,0.00054,1.0,data/ESC-50-master/audio/3-151557-A-28.wav
3-151557-B-28.wav,3,28,snoring,False,151557,B,QUARANTINE_CLIPPING_SATURATION,QUARANTINE_CLIPPING_SATURATION,44100,1.0,40,MULTI_SAMPLE_SATURATION,0.00033,1.0,data/ESC-50-master/audio/3-151557-B-28.wav
3-152007-A-20.wav,3,20,crying_baby,True,152007,A,PASS,PASS,44100,0.9398,0,NONE,0.0,0.8,data/ESC-50-master/audio/3-152007-A-20.wav
3-152007-B-20.wav,3,20,crying_baby,True,152007,B,PASS,PASS,44100,0.9598,0,NONE,1e-05,0.98,data/ESC-50-master/audio/3-152007-B-20.wav
3-152007-C-20.wav,3,20,crying_baby,True,152007,C,PASS,PASS,44100,0.9362,0,NONE,1e-05,0.86,data/ESC-50-master/audio/3-152007-C-20.wav
3-152007-D-20.wav,3,20,crying_baby,True,152007,D,PASS,PASS,44100,0.9448,0,NONE,1e-05,0.88,data/ESC-50-master/audio/3-152007-D-20.wav
3-152007-E-20.wav,3,20,crying_baby,True,152007,E,PASS,PASS,44100,0.9023,0,NONE,0.0,0.99,data/ESC-50-master/audio/3-152007-E-20.wav
3-152020-A-36.wav,3,36,vacuum_cleaner,False,152020,A,QUARANTINE_CLIPPING_SATURATION,QUARANTINE_CLIPPING_SATURATION,44100,1.0,5949,MULTI_SAMPLE_SATURATION,0.00153,0.87,data/ESC-50-master/audio/3-152020-A-36.wav
3-152020-B-36.wav,3,36,vacuum_cleaner,False,152020,B,QUARANTINE_CLIPPING_SATURATION,QUARANTINE_CLIPPING_SATURATION,44100,1.0,14491,MULTI_SAMPLE_SATURATION,0.00171,1.0,data/ESC-50-master/audio/3-152020-B-36.wav
3-152020-C-36.wav,3,36,vacuum_cleaner,False,152020,C,QUARANTINE_CLIPPING_SATURATION,QUARANTINE_CLIPPING_SATURATION,44100,1.0,135,MULTI_SAMPLE_SATURATION,0.00012,0.79,data/ESC-50-master/audio/3-152020-C-36.wav
3-154758-A-44.wav,3,44,engine,False,154758,A,PASS,PASS,44100,0.1557,0,NONE,8e-05,1.0,data/ESC-50-master/audio/3-154758-A-44.wav
3-156391-A-35.wav,3,35,washing_machine,False,156391,A,PASS,PASS,44100,0.1128,0,NONE,2e-05,1.0,data/ESC-50-master/audio/3-156391-A-35.wav
3-156393-A-35.wav,3,35,washing_machine,False,156393,A,PASS,PASS,44100,0.2467,0,NONE,3e-05,1.0,data/ESC-50-master/audio/3-156393-A-35.wav
3-157149-A-10.wav,3,10,rain,True,157149,A,PASS,PASS,44100,0.8042,0,NONE,1e-05,1.0,data/ESC-50-master/audio/3-157149-A-10.wav
3-157487-A-10.wav,3,10,rain,True,157487,A,PASS,PASS,44100,0.9984,1,SINGLE_SAMPLE_PEAK_NORM,9e-05,1.0,data/ESC-50-master/audio/3-157487-A-10.wav
3-157615-A-10.wav,3,10,rain,True,157615,A,PASS,PASS,44100,0.4687,0,NONE,0.0,1.0,data/ESC-50-master/audio/3-157615-A-10.wav
3-159346-A-36.wav,3,36,vacuum_cleaner,False,159346,A,PASS,PASS,44100,0.4353,0,NONE,1e-05,1.0,data/ESC-50-master/audio/3-159346-A-36.wav
3-159346-B-36.wav,3,36,vacuum_cleaner,False,159346,B,PASS,PASS,44100,0.9064,0,NONE,1e-05,1.0,data/ESC-50-master/audio/3-159346-B-36.wav
3-159347-A-36.wav,3,36,vacuum_cleaner,False,159347,A,PASS,PASS,44100,0.8569,0,NONE,0.0001,1.0,data/ESC-50-master/audio/3-159347-A-36.wav
3-159347-B-36.wav,3,36,vacuum_cleaner,False,159347,B,PASS,PASS,44100,0.7171,0,NONE,7e-05,1.0,data/ESC-50-master/audio/3-159347-B-36.wav
3-159348-A-36.wav,3,36,vacuum_cleaner,False,159348,A,PASS,PASS,44100,0.1736,0,NONE,0.0,1.0,data/ESC-50-master/audio/3-159348-A-36.wav
3-182710-A-35.wav,3,35,washing_machine,False,182710,A,QUARANTINE_DC_OFFSET,QUARANTINE_DC_OFFSET,44100,0.6463,0,NONE,0.00418,1.0,data/ESC-50-master/audio/3-182710-A-35.wav
3-182710-B-35.wav,3,35,washing_machine,False,182710,B,QUARANTINE_DC_OFFSET,QUARANTINE_DC_OFFSET,44100,0.5613,0,NONE,0.00592,1.0,data/ESC-50-master/audio/3-182710-B-35.wav
3-188726-A-35.wav,3,35,washing_machine,False,188726,A,QUARANTINE_CLIPPING_SATURATION,QUARANTINE_CLIPPING_SATURATION,44100,1.0,827,MULTI_SAMPLE_SATURATION,0.00029,1.0,data/ESC-50-master/audio/3-188726-A-35.wav
3-259622-A-44.wav,3,44,engine,False,259622,A,PASS,PASS,44100,1.0,1,SINGLE_SAMPLE_PEAK_NORM,2e-05,1.0,data/ESC-50-master/audio/3-259622-A-44.wav
3-51376-A-42.wav,3,42,siren,False,51376,A,PASS,PASS,44100,0.9517,0,NONE,0.00016,1.0,data/ESC-50-master/audio/3-51376-A-42.wav
3-51731-A-42.wav,3,42,siren,False,51731,A,PASS,PASS,44100,0.29,0,NONE,0.00054,1.0,data/ESC-50-master/audio/3-51731-A-42.wav
3-51731-B-42.wav,3,42,siren,False,51731,B,QUARANTINE_CLIPPING_SATURATION,QUARANTINE_CLIPPING_SATURATION,44100,1.0,336,MULTI_SAMPLE_SATURATION,0.00102,1.0,data/ESC-50-master/audio/3-51731-B-42.wav
3-51909-A-42.wav,3,42,siren,False,51909,A,QUARANTINE_CLIPPING_SATURATION,QUARANTINE_CLIPPING_SATURATION,44100,1.0,4,MULTI_SAMPLE_SATURATION,3e-05,1.0,data/ESC-50-master/audio/3-51909-A-42.wav
3-51909-B-42.wav,3,42,siren,False,51909,B,QUARANTINE_CLIPPING_SATURATION,QUARANTINE_CLIPPING_SATURATION|QUARANTINE_DC_OFFSET,44100,1.0,34194,MULTI_SAMPLE_SATURATION,0.02295,1.0,data/ESC-50-master/audio/3-51909-B-42.wav
3-58772-A-42.wav,3,42,siren,False,58772,A,PASS,PASS,44100,0.9359,0,NONE,2e-05,1.0,data/ESC-50-master/audio/3-58772-A-42.wav
3-62878-A-42.wav,3,42,siren,False,62878,A,QUARANTINE_CLIPPING_SATURATION,QUARANTINE_CLIPPING_SATURATION,44100,1.0,6,MULTI_SAMPLE_SATURATION,1e-05,1.0,data/ESC-50-master/audio/3-62878-A-42.wav
3-62878-B-42.wav,3,42,siren,False,62878,B,PASS,PASS,44100,0.9864,0,NONE,5e-05,0.48,data/ESC-50-master/audio/3-62878-B-42.wav
4-102871-A-42.wav,4,42,siren,False,102871,A,PASS,PASS,44100,0.5785,0,NONE,0.00012,1.0,data/ESC-50-master/audio/4-102871-A-42.wav
4-111671-A-42.wav,4,42,siren,False,111671,A,PASS,PASS,44100,0.3449,0,NONE,0.00034,1.0,data/ESC-50-master/audio/4-111671-A-42.wav
4-111671-B-42.wav,4,42,siren,False,111671,B,PASS,PASS,44100,0.2668,0,NONE,2e-05,1.0,data/ESC-50-master/audio/4-111671-B-42.wav
4-121532-A-42.wav,4,42,siren,False,121532,A,PASS,PASS,44100,0.5047,0,NONE,6e-05,1.0,data/ESC-50-master/audio/4-121532-A-42.wav
4-146200-A-36.wav,4,36,vacuum_cleaner,False,146200,A,QUARANTINE_CLIPPING_SATURATION,QUARANTINE_CLIPPING_SATURATION|QUARANTINE_DC_OFFSET,44100,1.0,66,MULTI_SAMPLE_SATURATION,0.00859,1.0,data/ESC-50-master/audio/4-146200-A-36.wav
4-152995-A-24.wav,4,24,coughing,False,152995,A,QUARANTINE_DC_OFFSET,QUARANTINE_DC_OFFSET,44100,0.7126,0,NONE,0.02153,0.48,data/ESC-50-master/audio/4-152995-A-24.wav
4-154443-A-24.wav,4,24,coughing,False,154443,A,QUARANTINE_CLIPPING_SATURATION,QUARANTINE_CLIPPING_SATURATION,44100,1.0,1906,MULTI_SAMPLE_SATURATION,0.00021,0.19,data/ESC-50-master/audio/4-154443-A-24.wav
4-155650-A-24.wav,4,24,coughing,False,155650,A,QUARANTINE_CLIPPING_SATURATION,QUARANTINE_CLIPPING_SATURATION,44100,1.0,21,MULTI_SAMPLE_SATURATION,2e-05,0.55,data/ESC-50-master/audio/4-155650-A-24.wav
4-155650-B-24.wav,4,24,coughing,False,155650,B,PASS,PASS,44100,0.7083,0,NONE,3e-05,0.38,data/ESC-50-master/audio/4-155650-B-24.wav
4-157296-A-24.wav,4,24,coughing,False,157296,A,PASS,PASS,44100,0.8506,0,NONE,0.0001,0.84,data/ESC-50-master/audio/4-157296-A-24.wav
4-160999-A-10.wav,4,10,rain,True,160999,A,PASS,PASS,44100,0.8398,0,NONE,1e-05,1.0,data/ESC-50-master/audio/4-160999-A-10.wav
4-161127-A-10.wav,4,10,rain,True,161127,A,PASS,PASS,44100,0.8572,0,NONE,7e-05,1.0,data/ESC-50-master/audio/4-161127-A-10.wav
4-163264-A-10.wav,4,10,rain,True,163264,A,PASS,PASS,44100,0.5347,0,NONE,0.00021,1.0,data/ESC-50-master/audio/4-163264-A-10.wav
4-164206-A-10.wav,4,10,rain,True,164206,A,PASS,PASS,44100,0.6242,0,NONE,3e-05,1.0,data/ESC-50-master/audio/4-164206-A-10.wav
4-166661-A-10.wav,4,10,rain,True,166661,A,PASS,PASS,44100,0.9315,0,NONE,5e-05,1.0,data/ESC-50-master/audio/4-166661-A-10.wav
4-167077-A-20.wav,4,20,crying_baby,True,167077,A,PASS,PASS,44100,0.9509,0,NONE,2e-05,0.98,data/ESC-50-master/audio/4-167077-A-20.wav
4-167077-B-20.wav,4,20,crying_baby,True,167077,B,PASS,PASS,44100,0.9333,0,NONE,1e-05,0.97,data/ESC-50-master/audio/4-167077-B-20.wav
4-167077-C-20.wav,4,20,crying_baby,True,167077,C,PASS,PASS,44100,0.9044,0,NONE,6e-05,0.83,data/ESC-50-master/audio/4-167077-C-20.wav
4-169726-A-24.wav,4,24,coughing,False,169726,A,QUARANTINE_CLIPPING_SATURATION,QUARANTINE_CLIPPING_SATURATION,44100,1.0,182,MULTI_SAMPLE_SATURATION,6e-05,0.22,data/ESC-50-master/audio/4-169726-A-24.wav
4-171396-A-24.wav,4,24,coughing,False,171396,A,PASS,PASS,44100,0.8113,0,NONE,0.00013,0.45,data/ESC-50-master/audio/4-171396-A-24.wav
4-171652-A-44.wav,4,44,engine,False,171652,A,QUARANTINE_CLIPPING_SATURATION,QUARANTINE_CLIPPING_SATURATION,44100,1.0,8,MULTI_SAMPLE_SATURATION,0.00077,1.0,data/ESC-50-master/audio/4-171652-A-44.wav
4-172732-A-36.wav,4,36,vacuum_cleaner,False,172732,A,PASS,PASS,44100,0.8428,0,NONE,9e-05,1.0,data/ESC-50-master/audio/4-172732-A-36.wav
4-172733-A-36.wav,4,36,vacuum_cleaner,False,172733,A,QUARANTINE_CLIPPING_SATURATION,QUARANTINE_CLIPPING_SATURATION,44100,1.0,373,MULTI_SAMPLE_SATURATION,6e-05,1.0,data/ESC-50-master/audio/4-172733-A-36.wav
4-172734-A-36.wav,4,36,vacuum_cleaner,False,172734,A,QUARANTINE_CLIPPING_SATURATION,QUARANTINE_CLIPPING_SATURATION,44100,1.0,36,MULTI_SAMPLE_SATURATION,8e-05,1.0,data/ESC-50-master/audio/4-172734-A-36.wav
4-172736-A-36.wav,4,36,vacuum_cleaner,False,172736,A,QUARANTINE_CLIPPING_SATURATION,QUARANTINE_CLIPPING_SATURATION,44100,1.0,15,MULTI_SAMPLE_SATURATION,8e-05,1.0,data/ESC-50-master/audio/4-172736-A-36.wav
4-172736-B-36.wav,4,36,vacuum_cleaner,False,172736,B,QUARANTINE_CLIPPING_SATURATION,QUARANTINE_CLIPPING_SATURATION,44100,1.0,111,MULTI_SAMPLE_SATURATION,2e-05,1.0,data/ESC-50-master/audio/4-172736-B-36.wav
4-177250-A-10.wav,4,10,rain,True,177250,A,PASS,PASS,44100,0.5166,0,NONE,0.00045,1.0,data/ESC-50-master/audio/4-177250-A-10.wav
4-177835-A-24.wav,4,24,coughing,False,177835,A,PASS,PASS,44100,0.5933,0,NONE,3e-05,0.16,data/ESC-50-master/audio/4-177835-A-24.wav
4-180337-A-28.wav,4,28,snoring,False,180337,A,PASS,PASS,44100,0.4659,0,NONE,0.00027,1.0,data/ESC-50-master/audio/4-180337-A-28.wav
4-180380-A-10.wav,4,10,rain,True,180380,A,PASS,PASS,44100,0.6847,0,NONE,3e-05,1.0,data/ESC-50-master/audio/4-180380-A-10.wav
4-181286-A-10.wav,4,10,rain,True,181286,A,PASS,PASS,44100,0.9354,0,NONE,4e-05,1.0,data/ESC-50-master/audio/4-181286-A-10.wav
4-181999-A-36.wav,4,36,vacuum_cleaner,False,181999,A,QUARANTINE_CLIPPING_SATURATION,QUARANTINE_CLIPPING_SATURATION|QUARANTINE_DC_OFFSET,44100,1.0,11,MULTI_SAMPLE_SATURATION,0.01046,1.0,data/ESC-50-master/audio/4-181999-A-36.wav
4-183882-A-28.wav,4,28,snoring,False,183882,A,PASS,PASS,44100,0.5703,0,NONE,0.00068,1.0,data/ESC-50-master/audio/4-183882-A-28.wav
4-183882-B-28.wav,4,28,snoring,False,183882,B,PASS,PASS,44100,0.29,0,NONE,0.00077,1.0,data/ESC-50-master/audio/4-183882-B-28.wav
4-184235-A-28.wav,4,28,snoring,False,184235,A,PASS,PASS,44100,0.0343,0,NONE,0.0,0.86,data/ESC-50-master/audio/4-184235-A-28.wav
4-184237-A-28.wav,4,28,snoring,False,184237,A,PASS,PASS,44100,0.2851,0,NONE,2e-05,1.0,data/ESC-50-master/audio/4-184237-A-28.wav
4-185575-A-20.wav,4,20,crying_baby,True,185575,A,PASS,PASS,44100,0.9358,0,NONE,0.0,1.0,data/ESC-50-master/audio/4-185575-A-20.wav
4-185575-B-20.wav,4,20,crying_baby,True,185575,B,PASS,PASS,44100,0.9385,0,NONE,0.0,1.0,data/ESC-50-master/audio/4-185575-B-20.wav
4-185575-C-20.wav,4,20,crying_baby,True,185575,C,PASS,PASS,44100,0.9461,0,NONE,0.0,0.96,data/ESC-50-master/audio/4-185575-C-20.wav
4-186935-A-44.wav,4,44,engine,False,186935,A,QUARANTINE_DC_OFFSET,QUARANTINE_DC_OFFSET,44100,0.6411,0,NONE,0.00624,0.71,data/ESC-50-master/audio/4-186935-A-44.wav
4-186936-A-44.wav,4,44,engine,False,186936,A,PASS,PASS,44100,0.5706,0,NONE,8e-05,1.0,data/ESC-50-master/audio/4-186936-A-44.wav
4-186938-A-44.wav,4,44,engine,False,186938,A,QUARANTINE_CLIPPING_SATURATION,QUARANTINE_CLIPPING_SATURATION,44100,1.0,10,MULTI_SAMPLE_SATURATION,0.00016,0.58,data/ESC-50-master/audio/4-186938-A-44.wav
4-186940-A-44.wav,4,44,engine,False,186940,A,QUARANTINE_CLIPPING_SATURATION,QUARANTINE_CLIPPING_SATURATION,44100,1.0,76,MULTI_SAMPLE_SATURATION,0.00018,0.77,data/ESC-50-master/audio/4-186940-A-44.wav
4-186962-A-44.wav,4,44,engine,False,186962,A,QUARANTINE_CLIPPING_SATURATION,QUARANTINE_CLIPPING_SATURATION|QUARANTINE_DC_OFFSET,44100,1.0,9594,MULTI_SAMPLE_SATURATION,0.00222,1.0,data/ESC-50-master/audio/4-186962-A-44.wav
4-191297-A-28.wav,4,28,snoring,False,191297,A,QUARANTINE_CLIPPING_SATURATION,QUARANTINE_CLIPPING_SATURATION,44100,1.0,71,MULTI_SAMPLE_SATURATION,0.0,1.0,data/ESC-50-master/audio/4-191297-A-28.wav
4-194680-A-36.wav,4,36,vacuum_cleaner,False,194680,A,PASS,PASS,44100,0.2557,0,NONE,0.0,1.0,data/ESC-50-master/audio/4-194680-A-36.wav
4-195451-A-44.wav,4,44,engine,False,195451,A,PASS,PASS,44100,0.7939,0,NONE,4e-05,1.0,data/ESC-50-master/audio/4-195451-A-44.wav
4-197454-A-28.wav,4,28,snoring,False,197454,A,QUARANTINE_CLIPPING_SATURATION,QUARANTINE_CLIPPING_SATURATION,44100,1.0,5,MULTI_SAMPLE_SATURATION,0.00011,0.78,data/ESC-50-master/audio/4-197454-A-28.wav
4-197454-B-28.wav,4,28,snoring,False,197454,B,QUARANTINE_CLIPPING_SATURATION,QUARANTINE_CLIPPING_SATURATION,44100,1.0,31,MULTI_SAMPLE_SATURATION,0.00011,0.67,data/ESC-50-master/audio/4-197454-B-28.wav
4-201988-A-44.wav,4,44,engine,False,201988,A,PASS,PASS,44100,0.7576,0,NONE,0.00013,1.0,data/ESC-50-master/audio/4-201988-A-44.wav
4-218199-A-35.wav,4,35,washing_machine,False,218199,A,PASS,PASS,44100,0.2432,0,NONE,0.00067,1.0,data/ESC-50-master/audio/4-218199-A-35.wav
4-218199-B-35.wav,4,35,washing_machine,False,218199,B,PASS,PASS,44100,0.5118,0,NONE,0.00061,1.0,data/ESC-50-master/audio/4-218199-B-35.wav
4-218199-C-35.wav,4,35,washing_machine,False,218199,C,QUARANTINE_DC_OFFSET,QUARANTINE_DC_OFFSET,44100,0.4521,0,NONE,0.00223,1.0,data/ESC-50-master/audio/4-218199-C-35.wav
4-218199-D-35.wav,4,35,washing_machine,False,218199,D,QUARANTINE_DC_OFFSET,QUARANTINE_DC_OFFSET,44100,0.7323,0,NONE,0.00297,1.0,data/ESC-50-master/audio/4-218199-D-35.wav
4-218199-E-35.wav,4,35,washing_machine,False,218199,E,PASS,PASS,44100,0.1073,0,NONE,0.00083,1.0,data/ESC-50-master/audio/4-218199-E-35.wav
4-218199-F-35.wav,4,35,washing_machine,False,218199,F,PASS,PASS,44100,0.5393,0,NONE,0.00089,1.0,data/ESC-50-master/audio/4-218199-F-35.wav
4-218199-G-35.wav,4,35,washing_machine,False,218199,G,PASS,PASS,44100,0.1785,0,NONE,0.00076,1.0,data/ESC-50-master/audio/4-218199-G-35.wav
4-218199-H-35.wav,4,35,washing_machine,False,218199,H,PASS,PASS,44100,0.0987,0,NONE,0.00078,1.0,data/ESC-50-master/audio/4-218199-H-35.wav
4-59579-A-20.wav,4,20,crying_baby,True,59579,A,PASS,PASS,44100,0.9283,0,NONE,1e-05,0.81,data/ESC-50-master/audio/4-59579-A-20.wav
4-59579-B-20.wav,4,20,crying_baby,True,59579,B,PASS,PASS,44100,0.8925,0,NONE,1e-05,0.47,data/ESC-50-master/audio/4-59579-B-20.wav
4-67358-A-42.wav,4,42,siren,False,67358,A,PASS,PASS,44100,0.994,0,NONE,2e-05,0.8,data/ESC-50-master/audio/4-67358-A-42.wav
4-80761-A-42.wav,4,42,siren,False,80761,A,QUARANTINE_CLIPPING_SATURATION,QUARANTINE_CLIPPING_SATURATION,44100,1.0,5071,MULTI_SAMPLE_SATURATION,0.00135,1.0,data/ESC-50-master/audio/4-80761-A-42.wav
4-90014-A-42.wav,4,42,siren,False,90014,A,PASS,PASS,44100,0.158,0,NONE,9e-05,1.0,data/ESC-50-master/audio/4-90014-A-42.wav
4-90014-B-42.wav,4,42,siren,False,90014,B,PASS,PASS,44100,0.2902,0,NONE,9e-05,1.0,data/ESC-50-master/audio/4-90014-B-42.wav
5-117118-A-42.wav,5,42,siren,False,117118,A,QUARANTINE_CLIPPING_SATURATION,QUARANTINE_CLIPPING_SATURATION,44100,1.0,17,MULTI_SAMPLE_SATURATION,0.0,1.0,data/ESC-50-master/audio/5-117118-A-42.wav
5-117120-A-42.wav,5,42,siren,False,117120,A,QUARANTINE_CLIPPING_SATURATION,QUARANTINE_CLIPPING_SATURATION,44100,1.0,150,MULTI_SAMPLE_SATURATION,4e-05,1.0,data/ESC-50-master/audio/5-117120-A-42.wav
5-117122-A-42.wav,5,42,siren,False,117122,A,PASS,PASS,44100,0.898,0,NONE,4e-05,1.0,data/ESC-50-master/audio/5-117122-A-42.wav
5-133989-A-42.wav,5,42,siren,False,133989,A,QUARANTINE_DC_OFFSET,QUARANTINE_DC_OFFSET,44100,0.4198,0,NONE,0.01311,1.0,data/ESC-50-master/audio/5-133989-A-42.wav
5-133989-B-42.wav,5,42,siren,False,133989,B,PASS,PASS,44100,0.4916,0,NONE,0.00033,1.0,data/ESC-50-master/audio/5-133989-B-42.wav
5-141683-A-35.wav,5,35,washing_machine,False,141683,A,PASS,PASS,44100,0.1771,0,NONE,0.00024,1.0,data/ESC-50-master/audio/5-141683-A-35.wav
5-150409-A-42.wav,5,42,siren,False,150409,A,PASS,PASS,44100,0.815,0,NONE,0.00016,1.0,data/ESC-50-master/audio/5-150409-A-42.wav
5-151085-A-20.wav,5,20,crying_baby,True,151085,A,PASS,PASS,44100,0.8459,0,NONE,0.0,0.98,data/ESC-50-master/audio/5-151085-A-20.wav
5-160551-A-42.wav,5,42,siren,False,160551,A,PASS,PASS,44100,0.8375,0,NONE,1e-05,1.0,data/ESC-50-master/audio/5-160551-A-42.wav
5-178997-A-24.wav,5,24,coughing,False,178997,A,QUARANTINE_CLIPPING_SATURATION,QUARANTINE_CLIPPING_SATURATION,44100,1.0,3,MULTI_SAMPLE_SATURATION,5e-05,0.71,data/ESC-50-master/audio/5-178997-A-24.wav
5-181766-A-10.wav,5,10,rain,True,181766,A,PASS,PASS,44100,0.5365,0,NONE,0.0,1.0,data/ESC-50-master/audio/5-181766-A-10.wav
5-181977-A-35.wav,5,35,washing_machine,False,181977,A,PASS,PASS,44100,0.3634,0,NONE,0.0001,0.98,data/ESC-50-master/audio/5-181977-A-35.wav
5-182007-A-36.wav,5,36,vacuum_cleaner,False,182007,A,QUARANTINE_CLIPPING_SATURATION,QUARANTINE_CLIPPING_SATURATION|QUARANTINE_DC_OFFSET,44100,1.0,10,MULTI_SAMPLE_SATURATION,0.00411,1.0,data/ESC-50-master/audio/5-182007-A-36.wav
5-182010-A-36.wav,5,36,vacuum_cleaner,False,182010,A,QUARANTINE_CLIPPING_SATURATION,QUARANTINE_CLIPPING_SATURATION|QUARANTINE_DC_OFFSET,44100,1.0,35,MULTI_SAMPLE_SATURATION,0.00436,1.0,data/ESC-50-master/audio/5-182010-A-36.wav
5-182012-A-36.wav,5,36,vacuum_cleaner,False,182012,A,QUARANTINE_CLIPPING_SATURATION,QUARANTINE_CLIPPING_SATURATION|QUARANTINE_DC_OFFSET,44100,1.0,124,MULTI_SAMPLE_SATURATION,0.00453,1.0,data/ESC-50-master/audio/5-182012-A-36.wav
5-184323-A-42.wav,5,42,siren,False,184323,A,PASS,PASS,44100,0.5471,0,NONE,0.00057,1.0,data/ESC-50-master/audio/5-184323-A-42.wav
5-184871-A-24.wav,5,24,coughing,False,184871,A,QUARANTINE_CLIPPING_SATURATION,QUARANTINE_CLIPPING_SATURATION,44100,1.0,219,MULTI_SAMPLE_SATURATION,4e-05,0.56,data/ESC-50-master/audio/5-184871-A-24.wav
5-188365-A-36.wav,5,36,vacuum_cleaner,False,188365,A,QUARANTINE_CLIPPING_SATURATION,QUARANTINE_CLIPPING_SATURATION,44100,1.0,43,MULTI_SAMPLE_SATURATION,0.00015,1.0,data/ESC-50-master/audio/5-188365-A-36.wav
5-188655-A-10.wav,5,10,rain,True,188655,A,PASS,PASS,44100,0.6267,0,NONE,1e-05,1.0,data/ESC-50-master/audio/5-188655-A-10.wav
5-193339-A-10.wav,5,10,rain,True,193339,A,PASS,PASS,44100,0.9435,0,NONE,4e-05,1.0,data/ESC-50-master/audio/5-193339-A-10.wav
5-194892-A-10.wav,5,10,rain,True,194892,A,PASS,PASS,44100,0.9779,0,NONE,1e-05,1.0,data/ESC-50-master/audio/5-194892-A-10.wav
5-195710-A-10.wav,5,10,rain,True,195710,A,PASS,PASS,44100,0.4358,0,NONE,0.0,1.0,data/ESC-50-master/audio/5-195710-A-10.wav
5-198321-A-10.wav,5,10,rain,True,198321,A,PASS,PASS,44100,0.6594,0,NONE,3e-05,1.0,data/ESC-50-master/audio/5-198321-A-10.wav
5-198411-A-20.wav,5,20,crying_baby,True,198411,A,PASS,PASS,44100,0.6302,0,NONE,1e-05,0.94,data/ESC-50-master/audio/5-198411-A-20.wav
5-198411-B-20.wav,5,20,crying_baby,True,198411,B,PASS,PASS,44100,0.6169,0,NONE,1e-05,0.93,data/ESC-50-master/audio/5-198411-B-20.wav
5-198411-C-20.wav,5,20,crying_baby,True,198411,C,PASS,PASS,44100,0.3834,0,NONE,1e-05,1.0,data/ESC-50-master/audio/5-198411-C-20.wav
5-198411-D-20.wav,5,20,crying_baby,True,198411,D,PASS,PASS,44100,0.693,0,NONE,0.0,0.97,data/ESC-50-master/audio/5-198411-D-20.wav
5-198411-E-20.wav,5,20,crying_baby,True,198411,E,PASS,PASS,44100,0.6378,0,NONE,0.0,1.0,data/ESC-50-master/audio/5-198411-E-20.wav
5-198411-F-20.wav,5,20,crying_baby,True,198411,F,PASS,PASS,44100,0.879,0,NONE,1e-05,0.93,data/ESC-50-master/audio/5-198411-F-20.wav
5-198411-G-20.wav,5,20,crying_baby,True,198411,G,PASS,PASS,44100,0.6382,0,NONE,1e-05,1.0,data/ESC-50-master/audio/5-198411-G-20.wav
5-202898-A-10.wav,5,10,rain,True,202898,A,PASS,PASS,44100,0.8746,0,NONE,0.0003,1.0,data/ESC-50-master/audio/5-202898-A-10.wav
5-203739-A-10.wav,5,10,rain,True,203739,A,PASS,PASS,44100,0.9158,0,NONE,1e-05,1.0,data/ESC-50-master/audio/5-203739-A-10.wav
5-204604-A-24.wav,5,24,coughing,False,204604,A,QUARANTINE_CLIPPING_SATURATION,QUARANTINE_CLIPPING_SATURATION,44100,1.0,1973,MULTI_SAMPLE_SATURATION,0.00066,0.21,data/ESC-50-master/audio/5-204604-A-24.wav
5-207681-A-24.wav,5,24,coughing,False,207681,A,QUARANTINE_CLIPPING_SATURATION,QUARANTINE_CLIPPING_SATURATION,44100,1.0,908,MULTI_SAMPLE_SATURATION,0.0001,0.62,data/ESC-50-master/audio/5-207681-A-24.wav
5-207811-A-35.wav,5,35,washing_machine,False,207811,A,PASS,PASS,44100,0.3052,0,NONE,0.00126,1.0,data/ESC-50-master/audio/5-207811-A-35.wav
5-207811-B-35.wav,5,35,washing_machine,False,207811,B,PASS,PASS,44100,0.8266,0,NONE,0.00089,1.0,data/ESC-50-master/audio/5-207811-B-35.wav
5-208761-A-24.wav,5,24,coughing,False,208761,A,PASS,PASS,44100,0.2205,0,NONE,1e-05,0.6,data/ESC-50-master/audio/5-208761-A-24.wav
5-209719-A-24.wav,5,24,coughing,False,209719,A,PASS,PASS,44100,0.4565,0,NONE,1e-05,0.12,data/ESC-50-master/audio/5-209719-A-24.wav
5-209992-A-44.wav,5,44,engine,False,209992,A,PASS,PASS,44100,0.3539,0,NONE,0.00021,1.0,data/ESC-50-master/audio/5-209992-A-44.wav
5-209992-B-44.wav,5,44,engine,False,209992,B,QUARANTINE_CLIPPING_SATURATION,QUARANTINE_CLIPPING_SATURATION,44100,1.0,12,MULTI_SAMPLE_SATURATION,0.0003,1.0,data/ESC-50-master/audio/5-209992-B-44.wav
5-211197-A-24.wav,5,24,coughing,False,211197,A,PASS,PASS,44100,0.7793,0,NONE,5e-05,0.39,data/ESC-50-master/audio/5-211197-A-24.wav
5-212054-A-36.wav,5,36,vacuum_cleaner,False,212054,A,QUARANTINE_CLIPPING_SATURATION,QUARANTINE_CLIPPING_SATURATION,44100,1.0,567,MULTI_SAMPLE_SATURATION,4e-05,1.0,data/ESC-50-master/audio/5-212054-A-36.wav
5-212059-A-36.wav,5,36,vacuum_cleaner,False,212059,A,QUARANTINE_CLIPPING_SATURATION,QUARANTINE_CLIPPING_SATURATION,44100,1.0,4,MULTI_SAMPLE_SATURATION,0.00011,1.0,data/ESC-50-master/audio/5-212059-A-36.wav
5-216368-A-28.wav,5,28,snoring,False,216368,A,PASS,PASS,44100,0.4762,0,NONE,1e-05,0.85,data/ESC-50-master/audio/5-216368-A-28.wav
5-223810-A-35.wav,5,35,washing_machine,False,223810,A,PASS,PASS,44100,0.3494,0,NONE,0.00014,1.0,data/ESC-50-master/audio/5-223810-A-35.wav
5-231551-A-36.wav,5,36,vacuum_cleaner,False,231551,A,PASS,PASS,44100,0.5168,0,NONE,1e-05,0.78,data/ESC-50-master/audio/5-231551-A-36.wav
5-232272-A-44.wav,5,44,engine,False,232272,A,PASS,PASS,44100,0.2549,0,NONE,6e-05,1.0,data/ESC-50-master/audio/5-232272-A-44.wav
5-233312-A-28.wav,5,28,snoring,False,233312,A,PASS,PASS,44100,0.3646,0,NONE,2e-05,1.0,data/ESC-50-master/audio/5-233312-A-28.wav
5-234145-A-28.wav,5,28,snoring,False,234145,A,PASS,PASS,44100,0.4744,0,NONE,0.0003,1.0,data/ESC-50-master/audio/5-234145-A-28.wav
5-235507-A-44.wav,5,44,engine,False,235507,A,PASS,PASS,44100,0.1761,0,NONE,1e-05,1.0,data/ESC-50-master/audio/5-235507-A-44.wav
5-235874-A-28.wav,5,28,snoring,False,235874,A,PASS,PASS,44100,0.1073,0,NONE,0.0,0.47,data/ESC-50-master/audio/5-235874-A-28.wav
5-235893-A-28.wav,5,28,snoring,False,235893,A,PASS,PASS,44100,0.0815,0,NONE,0.0,0.3,data/ESC-50-master/audio/5-235893-A-28.wav
5-236288-A-28.wav,5,28,snoring,False,236288,A,PASS,PASS,44100,0.074,0,NONE,0.00012,0.6,data/ESC-50-master/audio/5-236288-A-28.wav
5-238021-A-35.wav,5,35,washing_machine,False,238021,A,PASS,PASS,44100,0.5337,0,NONE,0.00024,1.0,data/ESC-50-master/audio/5-238021-A-35.wav
5-240671-A-44.wav,5,44,engine,False,240671,A,PASS,PASS,44100,0.9242,0,NONE,0.0003,1.0,data/ESC-50-master/audio/5-240671-A-44.wav
5-243773-A-44.wav,5,44,engine,False,243773,A,PASS,PASS,44100,0.1765,0,NONE,0.00019,1.0,data/ESC-50-master/audio/5-243773-A-44.wav
5-243773-B-44.wav,5,44,engine,False,243773,B,PASS,PASS,44100,0.3331,0,NONE,0.00015,1.0,data/ESC-50-master/audio/5-243773-B-44.wav
5-243783-A-44.wav,5,44,engine,False,243783,A,PASS,PASS,44100,0.2315,0,NONE,0.00037,1.0,data/ESC-50-master/audio/5-243783-A-44.wav
5-244459-A-28.wav,5,28,snoring,False,244459,A,PASS,PASS,44100,0.1758,0,NONE,3e-05,0.99,data/ESC-50-master/audio/5-244459-A-28.wav
5-245040-A-35.wav,5,35,washing_machine,False,245040,A,PASS,PASS,44100,0.1376,0,NONE,0.0,0.9,data/ESC-50-master/audio/5-245040-A-35.wav
5-249748-A-28.wav,5,28,snoring,False,249748,A,PASS,PASS,44100,0.2547,0,NONE,7e-05,0.28,data/ESC-50-master/audio/5-249748-A-28.wav
5-251489-A-24.wav,5,24,coughing,False,251489,A,PASS,PASS,44100,0.9825,0,NONE,0.0,0.14,data/ESC-50-master/audio/5-251489-A-24.wav
5-260875-A-35.wav,5,35,washing_machine,False,260875,A,PASS,PASS,44100,0.6001,0,NONE,0.00013,1.0,data/ESC-50-master/audio/5-260875-A-35.wav
5-263902-A-36.wav,5,36,vacuum_cleaner,False,263902,A,PASS,PASS,44100,0.5051,0,NONE,1e-05,1.0,data/ESC-50-master/audio/5-263902-A-36.wav
