filename,fold,target,category,esc10,src_file,take,qa_status,all_qa_flags,sample_rate,peak_amplitude,dc_offset,active_frame_ratio,speech_band_ratio,envelope_crest,filepath
1-100210-A-36.wav,1,36,vacuum_cleaner,False,100210,A,QUARANTINE_ADC_PREAMP_CLIPPING,QUARANTINE_ADC_PREAMP_CLIPPING,44100,1.0,0.00048,1.0,0.197,1.202,data/ESC-50-master/audio/1-100210-A-36.wav
1-100210-B-36.wav,1,36,vacuum_cleaner,False,100210,B,QUARANTINE_ADC_PREAMP_CLIPPING,QUARANTINE_ADC_PREAMP_CLIPPING,44100,1.0,0.00038,1.0,0.195,1.195,data/ESC-50-master/audio/1-100210-B-36.wav
1-17367-A-10.wav,1,10,rain,True,17367,A,PASS,PASS,44100,0.6636,2e-05,1.0,0.704,1.628,data/ESC-50-master/audio/1-17367-A-10.wav
1-18527-A-44.wav,1,44,engine,False,18527,A,PASS,PASS,44100,0.3015,0.00016,1.0,0.072,1.385,data/ESC-50-master/audio/1-18527-A-44.wav
1-18527-B-44.wav,1,44,engine,False,18527,B,PASS,PASS,44100,0.3859,0.00015,1.0,0.027,1.308,data/ESC-50-master/audio/1-18527-B-44.wav
1-187207-A-20.wav,1,20,crying_baby,True,187207,A,PASS,PASS,44100,0.9428,1e-05,0.83,0.959,3.619,data/ESC-50-master/audio/1-187207-A-20.wav
1-19111-A-24.wav,1,24,coughing,False,19111,A,PASS,PASS,44100,0.8283,3e-05,0.17,0.805,15.475,data/ESC-50-master/audio/1-19111-A-24.wav
1-19118-A-24.wav,1,24,coughing,False,19118,A,QUARANTINE_EXCESSIVE_DEAD_AIR,QUARANTINE_EXCESSIVE_DEAD_AIR,44100,0.0966,1e-05,0.08,0.667,25.643,data/ESC-50-master/audio/1-19118-A-24.wav
1-19840-A-36.wav,1,36,vacuum_cleaner,False,19840,A,PASS,PASS,44100,0.1156,0.0006,1.0,0.577,1.126,data/ESC-50-master/audio/1-19840-A-36.wav
1-19872-A-36.wav,1,36,vacuum_cleaner,False,19872,A,PASS,PASS,44100,0.443,0.0017,1.0,0.545,1.243,data/ESC-50-master/audio/1-19872-A-36.wav
1-19872-B-36.wav,1,36,vacuum_cleaner,False,19872,B,PASS,PASS,44100,0.3341,0.00165,1.0,0.61,1.432,data/ESC-50-master/audio/1-19872-B-36.wav
1-20545-A-28.wav,1,28,snoring,False,20545,A,PASS,PASS,44100,0.3721,3e-05,0.91,0.008,4.946,data/ESC-50-master/audio/1-20545-A-28.wav
1-211527-A-20.wav,1,20,crying_baby,True,211527,A,PASS,PASS,44100,0.7812,0.0,0.88,0.789,4.534,data/ESC-50-master/audio/1-211527-A-20.wav
1-211527-B-20.wav,1,20,crying_baby,True,211527,B,PASS,PASS,44100,0.7721,3e-05,1.0,0.84,4.856,data/ESC-50-master/audio/1-211527-B-20.wav
1-211527-C-20.wav,1,20,crying_baby,True,211527,C,PASS,PASS,44100,0.7574,0.0,0.97,0.798,4.017,data/ESC-50-master/audio/1-211527-C-20.wav
1-21189-A-10.wav,1,10,rain,True,21189,A,PASS,PASS,44100,0.6538,3e-05,1.0,0.654,1.294,data/ESC-50-master/audio/1-21189-A-10.wav
1-21896-A-35.wav,1,35,washing_machine,False,21896,A,PASS,PASS,44100,0.5159,0.00068,1.0,0.054,1.361,data/ESC-50-master/audio/1-21896-A-35.wav
1-22694-A-20.wav,1,20,crying_baby,True,22694,A,PASS,PASS,44100,0.8672,1e-05,0.69,0.841,5.73,data/ESC-50-master/audio/1-22694-A-20.wav
1-22694-B-20.wav,1,20,crying_baby,True,22694,B,PASS,PASS,44100,0.7388,0.0,0.72,0.714,7.195,data/ESC-50-master/audio/1-22694-B-20.wav
1-22882-A-44.wav,1,44,engine,False,22882,A,PASS,PASS,44100,0.6633,0.00011,1.0,0.243,2.736,data/ESC-50-master/audio/1-22882-A-44.wav
1-23996-A-35.wav,1,35,washing_machine,False,23996,A,PASS,PASS,44100,0.8284,0.00022,1.0,0.679,1.817,data/ESC-50-master/audio/1-23996-A-35.wav
1-23996-B-35.wav,1,35,washing_machine,False,23996,B,QUARANTINE_ADC_PREAMP_CLIPPING,QUARANTINE_ADC_PREAMP_CLIPPING,44100,1.0,0.00029,1.0,0.264,1.307,data/ESC-50-master/audio/1-23996-B-35.wav
1-26222-A-10.wav,1,10,rain,True,26222,A,PASS,PASS,44100,0.5615,6e-05,1.0,0.316,1.248,data/ESC-50-master/audio/1-26222-A-10.wav
1-27165-A-35.wav,1,35,washing_machine,False,27165,A,PASS,PASS,44100,0.4322,1e-05,1.0,0.432,1.213,data/ESC-50-master/audio/1-27165-A-35.wav
1-27166-A-35.wav,1,35,washing_machine,False,27166,A,PASS,PASS,44100,0.8055,5e-05,1.0,0.52,1.537,data/ESC-50-master/audio/1-27166-A-35.wav
1-27403-A-28.wav,1,28,snoring,False,27403,A,PASS,PASS,44100,0.4721,2e-05,1.0,0.106,4.417,data/ESC-50-master/audio/1-27403-A-28.wav
1-27405-A-28.wav,1,28,snoring,False,27405,A,PASS,PASS,44100,0.453,1e-05,0.27,0.109,8.953,data/ESC-50-master/audio/1-27405-A-28.wav
1-29561-A-10.wav,1,10,rain,True,29561,A,PASS,PASS,44100,0.6697,0.0,1.0,0.706,2.096,data/ESC-50-master/audio/1-29561-A-10.wav
1-30830-A-24.wav,1,24,coughing,False,30830,A,PASS,PASS,44100,0.842,5e-05,0.33,0.479,12.012,data/ESC-50-master/audio/1-30830-A-24.wav
1-31482-A-42.wav,1,42,siren,False,31482,A,QUARANTINE_ADC_PREAMP_CLIPPING,QUARANTINE_ADC_PREAMP_CLIPPING,44100,1.0,0.00018,1.0,0.957,3.423,data/ESC-50-master/audio/1-31482-A-42.wav
1-31482-B-42.wav,1,42,siren,False,31482,B,QUARANTINE_ADC_PREAMP_CLIPPING,QUARANTINE_ADC_PREAMP_CLIPPING,44100,1.0,5e-05,1.0,0.814,2.627,data/ESC-50-master/audio/1-31482-B-42.wav
1-32373-A-35.wav,1,35,washing_machine,False,32373,A,PASS,PASS,44100,0.6147,0.00016,1.0,0.147,1.061,data/ESC-50-master/audio/1-32373-A-35.wav
1-32373-B-35.wav,1,35,washing_machine,False,32373,B,PASS,PASS,44100,0.6368,0.00027,1.0,0.177,1.084,data/ESC-50-master/audio/1-32373-B-35.wav
1-39937-A-28.wav,1,28,snoring,False,39937,A,PASS,PASS,44100,0.1317,4e-05,1.0,0.05,3.135,data/ESC-50-master/audio/1-39937-A-28.wav
1-40621-A-28.wav,1,28,snoring,False,40621,A,PASS,PASS,44100,0.1121,1e-05,0.57,0.177,3.446,data/ESC-50-master/audio/1-40621-A-28.wav
1-40967-A-28.wav,1,28,snoring,False,40967,A,PASS,PASS,44100,0.1825,0.00011,0.27,0.808,14.497,data/ESC-50-master/audio/1-40967-A-28.wav
1-46744-A-36.wav,1,36,vacuum_cleaner,False,46744,A,QUARANTINE_ADC_PREAMP_CLIPPING,QUARANTINE_ADC_PREAMP_CLIPPING,44100,1.0,0.00181,1.0,0.252,1.598,data/ESC-50-master/audio/1-46744-A-36.wav
1-47923-A-28.wav,1,28,snoring,False,47923,A,PASS,PASS,44100,0.2996,0.0,0.9,0.862,3.834,data/ESC-50-master/audio/1-47923-A-28.wav
1-49098-A-35.wav,1,35,washing_machine,False,49098,A,PASS,PASS,44100,0.9157,0.00034,0.7,0.325,3.733,data/ESC-50-master/audio/1-49098-A-35.wav
1-50060-A-10.wav,1,10,rain,True,50060,A,PASS,PASS,44100,0.9301,0.0,1.0,0.412,1.223,data/ESC-50-master/audio/1-50060-A-10.wav
1-50454-A-44.wav,1,44,engine,False,50454,A,PASS,PASS,44100,0.2905,6e-05,0.55,0.179,2.698,data/ESC-50-master/audio/1-50454-A-44.wav
1-50455-A-44.wav,1,44,engine,False,50455,A,PASS,PASS,44100,0.265,3e-05,0.59,0.051,1.996,data/ESC-50-master/audio/1-50455-A-44.wav
1-50661-A-44.wav,1,44,engine,False,50661,A,QUARANTINE_ADC_PREAMP_CLIPPING,QUARANTINE_ADC_PREAMP_CLIPPING,44100,1.0,0.00031,1.0,0.171,1.185,data/ESC-50-master/audio/1-50661-A-44.wav
1-52266-A-24.wav,1,24,coughing,False,52266,A,PASS,PASS,44100,0.4552,1e-05,0.45,0.717,9.099,data/ESC-50-master/audio/1-52266-A-24.wav
1-52323-A-24.wav,1,24,coughing,False,52323,A,PASS,PASS,44100,0.3173,3e-05,0.32,0.463,7.056,data/ESC-50-master/audio/1-52323-A-24.wav
1-53444-A-28.wav,1,28,snoring,False,53444,A,QUARANTINE_ADC_PREAMP_CLIPPING,QUARANTINE_ADC_PREAMP_CLIPPING,44100,1.0,3e-05,1.0,0.058,2.696,data/ESC-50-master/audio/1-53444-A-28.wav
1-53663-A-24.wav,1,24,coughing,False,53663,A,PASS,PASS,44100,0.5605,0.00069,0.53,0.458,9.659,data/ESC-50-master/audio/1-53663-A-24.wav
1-54084-A-42.wav,1,42,siren,False,54084,A,PASS,PASS,44100,0.3389,0.0,1.0,0.995,1.527,data/ESC-50-master/audio/1-54084-A-42.wav
1-54958-A-10.wav,1,10,rain,True,54958,A,PASS,PASS,44100,0.9322,0.00012,1.0,0.601,1.271,data/ESC-50-master/audio/1-54958-A-10.wav
1-56311-A-10.wav,1,10,rain,True,56311,A,PASS,PASS,44100,0.7088,3e-05,1.0,0.577,1.62,data/ESC-50-master/audio/1-56311-A-10.wav
1-58792-A-24.wav,1,24,coughing,False,58792,A,QUARANTINE_ADC_PREAMP_CLIPPING,QUARANTINE_ADC_PREAMP_CLIPPING,44100,1.0,0.00035,0.65,0.952,4.54,data/ESC-50-master/audio/1-58792-A-24.wav
1-60460-A-36.wav,1,36,vacuum_cleaner,False,60460,A,PASS,PASS,44100,0.3702,1e-05,1.0,0.728,1.199,data/ESC-50-master/audio/1-60460-A-36.wav
1-60997-A-20.wav,1,20,crying_baby,True,60997,A,PASS,PASS,44100,0.8111,0.0,0.79,0.664,3.307,data/ESC-50-master/audio/1-60997-A-20.wav
1-60997-B-20.wav,1,20,crying_baby,True,60997,B,PASS,PASS,44100,0.7872,0.0,0.91,0.76,5.337,data/ESC-50-master/audio/1-60997-B-20.wav
1-61261-A-44.wav,1,44,engine,False,61261,A,PASS,PASS,44100,0.3802,3e-05,1.0,0.034,2.838,data/ESC-50-master/audio/1-61261-A-44.wav
1-62565-A-44.wav,1,44,engine,False,62565,A,PASS,PASS,44100,0.7546,0.0001,1.0,0.009,1.664,data/ESC-50-master/audio/1-62565-A-44.wav
1-63679-A-24.wav,1,24,coughing,False,63679,A,PASS,PASS,44100,0.6432,0.00102,0.63,0.682,4.924,data/ESC-50-master/audio/1-63679-A-24.wav
1-63871-A-10.wav,1,10,rain,True,63871,A,PASS,PASS,44100,0.5904,1e-05,1.0,0.455,1.431,data/ESC-50-master/audio/1-63871-A-10.wav
1-76831-A-42.wav,1,42,siren,False,76831,A,QUARANTINE_ADC_PREAMP_CLIPPING,QUARANTINE_ADC_PREAMP_CLIPPING,44100,1.0,2e-05,1.0,0.991,2.006,data/ESC-50-master/audio/1-76831-A-42.wav
1-76831-B-42.wav,1,42,siren,False,76831,B,QUARANTINE_ADC_PREAMP_CLIPPING,QUARANTINE_ADC_PREAMP_CLIPPING,44100,1.0,5e-05,1.0,0.995,1.415,data/ESC-50-master/audio/1-76831-B-42.wav
1-76831-C-42.wav,1,42,siren,False,76831,C,QUARANTINE_ADC_PREAMP_CLIPPING,QUARANTINE_ADC_PREAMP_CLIPPING,44100,1.0,7e-05,1.0,0.995,1.32,data/ESC-50-master/audio/1-76831-C-42.wav
1-76831-D-42.wav,1,42,siren,False,76831,D,QUARANTINE_ADC_PREAMP_CLIPPING,QUARANTINE_ADC_PREAMP_CLIPPING,44100,1.0,3e-05,1.0,0.995,1.726,data/ESC-50-master/audio/1-76831-D-42.wav
1-76831-E-42.wav,1,42,siren,False,76831,E,QUARANTINE_ADC_PREAMP_CLIPPING,QUARANTINE_ADC_PREAMP_CLIPPING,44100,1.0,3e-05,1.0,0.991,1.716,data/ESC-50-master/audio/1-76831-E-42.wav
1-79236-A-36.wav,1,36,vacuum_cleaner,False,79236,A,QUARANTINE_ADC_PREAMP_CLIPPING,QUARANTINE_ADC_PREAMP_CLIPPING,44100,1.0,5e-05,1.0,0.533,1.634,data/ESC-50-master/audio/1-79236-A-36.wav
2-101676-A-10.wav,2,10,rain,True,101676,A,PASS,PASS,44100,0.941,7e-05,1.0,0.335,2.366,data/ESC-50-master/audio/2-101676-A-10.wav
2-102567-A-35.wav,2,35,washing_machine,False,102567,A,PASS,PASS,44100,0.9308,0.00033,1.0,0.038,1.615,data/ESC-50-master/audio/2-102567-A-35.wav
2-102567-B-35.wav,2,35,washing_machine,False,102567,B,PASS,PASS,44100,0.2398,8e-05,1.0,0.229,1.821,data/ESC-50-master/audio/2-102567-B-35.wav
2-102567-C-35.wav,2,35,washing_machine,False,102567,C,PASS,PASS,44100,0.5576,0.00022,1.0,0.084,1.652,data/ESC-50-master/audio/2-102567-C-35.wav
2-102567-D-35.wav,2,35,washing_machine,False,102567,D,PASS,PASS,44100,0.8936,0.00097,1.0,0.034,1.47,data/ESC-50-master/audio/2-102567-D-35.wav
2-102568-A-35.wav,2,35,washing_machine,False,102568,A,PASS,PASS,44100,0.1935,9e-05,1.0,0.261,1.898,data/ESC-50-master/audio/2-102568-A-35.wav
2-106014-A-44.wav,2,44,engine,False,106014,A,PASS,PASS,44100,0.2378,7e-05,1.0,0.309,1.204,data/ESC-50-master/audio/2-106014-A-44.wav
2-106015-A-44.wav,2,44,engine,False,106015,A,PASS,PASS,44100,0.4263,7e-05,1.0,0.525,1.485,data/ESC-50-master/audio/2-106015-A-44.wav
2-106015-B-44.wav,2,44,engine,False,106015,B,PASS,PASS,44100,0.4059,6e-05,1.0,0.514,1.291,data/ESC-50-master/audio/2-106015-B-44.wav
2-106072-A-36.wav,2,36,vacuum_cleaner,False,106072,A,QUARANTINE_ADC_PREAMP_CLIPPING,QUARANTINE_ADC_PREAMP_CLIPPING,44100,1.0,0.00011,1.0,0.582,1.131,data/ESC-50-master/audio/2-106072-A-36.wav
2-106073-A-36.wav,2,36,vacuum_cleaner,False,106073,A,QUARANTINE_ADC_PREAMP_CLIPPING,QUARANTINE_ADC_PREAMP_CLIPPING,44100,1.0,8e-05,1.0,0.78,1.14,data/ESC-50-master/audio/2-106073-A-36.wav
2-106486-A-44.wav,2,44,engine,False,106486,A,PASS,PASS,44100,0.119,6e-05,1.0,0.21,1.292,data/ESC-50-master/audio/2-106486-A-44.wav
2-106487-A-44.wav,2,44,engine,False,106487,A,PASS,PASS,44100,0.3643,0.0003,1.0,0.03,1.271,data/ESC-50-master/audio/2-106487-A-44.wav
2-107228-A-44.wav,2,44,engine,False,107228,A,QUARANTINE_ADC_PREAMP_CLIPPING,QUARANTINE_ADC_PREAMP_CLIPPING,44100,1.0,4e-05,1.0,0.107,2.7,data/ESC-50-master/audio/2-107228-A-44.wav
2-107228-B-44.wav,2,44,engine,False,107228,B,PASS,PASS,44100,0.5546,4e-05,0.89,0.098,3.229,data/ESC-50-master/audio/2-107228-B-44.wav
2-107351-A-20.wav,2,20,crying_baby,True,107351,A,PASS,PASS,44100,0.9932,0.0,0.9,0.92,2.996,data/ESC-50-master/audio/2-107351-A-20.wav
2-107351-B-20.wav,2,20,crying_baby,True,107351,B,QUARANTINE_ADC_PREAMP_CLIPPING,QUARANTINE_ADC_PREAMP_CLIPPING,44100,1.0,0.00175,0.94,0.913,2.673,data/ESC-50-master/audio/2-107351-B-20.wav
2-108017-A-24.wav,2,24,coughing,False,108017,A,QUARANTINE_ADC_PREAMP_CLIPPING,QUARANTINE_ADC_PREAMP_CLIPPING,44100,1.0,0.00163,0.86,0.074,12.346,data/ESC-50-master/audio/2-108017-A-24.wav
2-110417-A-28.wav,2,28,snoring,False,110417,A,PASS,PASS,44100,0.0751,1e-05,0.24,0.176,8.356,data/ESC-50-master/audio/2-110417-A-28.wav
2-110417-B-28.wav,2,28,snoring,False,110417,B,PASS,PASS,44100,0.1163,1e-05,0.27,0.264,7.314,data/ESC-50-master/audio/2-110417-B-28.wav
2-114609-A-28.wav,2,28,snoring,False,114609,A,PASS,PASS,44100,0.5253,0.00017,0.66,0.011,9.173,data/ESC-50-master/audio/2-114609-A-28.wav
2-114609-B-28.wav,2,28,snoring,False,114609,B,PASS,PASS,44100,0.3231,0.00018,0.7,0.012,3.561,data/ESC-50-master/audio/2-114609-B-28.wav
2-117330-A-28.wav,2,28,snoring,False,117330,A,PASS,PASS,44100,0.4464,0.00037,1.0,0.121,11.458,data/ESC-50-master/audio/2-117330-A-28.wav
2-117625-A-10.wav,2,10,rain,True,117625,A,PASS,PASS,44100,0.7088,1e-05,1.0,0.563,1.847,data/ESC-50-master/audio/2-117625-A-10.wav
2-121909-A-35.wav,2,35,washing_machine,False,121909,A,PASS,PASS,44100,0.4607,0.00019,1.0,0.047,1.859,data/ESC-50-master/audio/2-121909-A-35.wav
2-122820-A-36.wav,2,36,vacuum_cleaner,False,122820,A,PASS,PASS,44100,0.7992,0.00032,1.0,0.614,1.265,data/ESC-50-master/audio/2-122820-A-36.wav
2-122820-B-36.wav,2,36,vacuum_cleaner,False,122820,B,PASS,PASS,44100,0.782,0.00023,1.0,0.589,1.168,data/ESC-50-master/audio/2-122820-B-36.wav
2-123896-A-24.wav,2,24,coughing,False,123896,A,QUARANTINE_ADC_PREAMP_CLIPPING,QUARANTINE_ADC_PREAMP_CLIPPING,44100,1.0,3e-05,0.59,0.803,15.676,data/ESC-50-master/audio/2-123896-A-24.wav
2-141681-A-36.wav,2,36,vacuum_cleaner,False,141681,A,PASS,PASS,44100,0.4787,0.00023,1.0,0.758,1.594,data/ESC-50-master/audio/2-141681-A-36.wav
2-141681-B-36.wav,2,36,vacuum_cleaner,False,141681,B,PASS,PASS,44100,0.9431,2e-05,1.0,0.801,1.889,data/ESC-50-master/audio/2-141681-B-36.wav
2-141682-A-36.wav,2,36,vacuum_cleaner,False,141682,A,QUARANTINE_ADC_PREAMP_CLIPPING,QUARANTINE_ADC_PREAMP_CLIPPING,44100,1.0,0.0002,1.0,0.887,2.337,data/ESC-50-master/audio/2-141682-A-36.wav
2-141682-B-36.wav,2,36,vacuum_cleaner,False,141682,B,QUARANTINE_ADC_PREAMP_CLIPPING,QUARANTINE_ADC_PREAMP_CLIPPING,44100,1.0,1e-05,1.0,0.6,1.14,data/ESC-50-master/audio/2-141682-B-36.wav
2-151079-A-20.wav,2,20,crying_baby,True,151079,A,PASS,PASS,44100,0.5731,1e-05,0.74,0.861,3.696,data/ESC-50-master/audio/2-151079-A-20.wav
2-43802-A-42.wav,2,42,siren,False,43802,A,PASS,PASS,44100,0.9697,4e-05,1.0,0.708,1.709,data/ESC-50-master/audio/2-43802-A-42.wav
2-43806-A-42.wav,2,42,siren,False,43806,A,PASS,PASS,44100,0.802,6e-05,0.91,0.864,2.825,data/ESC-50-master/audio/2-43806-A-42.wav
2-50665-A-20.wav,2,20,crying_baby,True,50665,A,PASS,PASS,44100,0.8951,3e-05,0.55,0.943,6.703,data/ESC-50-master/audio/2-50665-A-20.wav
2-50666-A-20.wav,2,20,crying_baby,True,50666,A,PASS,PASS,44100,0.6569,0.00013,0.86,0.979,4.336,data/ESC-50-master/audio/2-50666-A-20.wav
2-51173-A-35.wav,2,35,washing_machine,False,51173,A,PASS,PASS,44100,0.8398,0.00034,1.0,0.731,1.752,data/ESC-50-master/audio/2-51173-A-35.wav
2-52001-A-28.wav,2,28,snoring,False,52001,A,PASS,PASS,44100,0.4452,1e-05,0.3,0.149,19.836,data/ESC-50-master/audio/2-52001-A-28.wav
2-52001-B-28.wav,2,28,snoring,False,52001,B,PASS,PASS,44100,0.1686,3e-05,0.9,0.091,2.474,data/ESC-50-master/audio/2-52001-B-28.wav
2-59241-A-35.wav,2,35,washing_machine,False,59241,A,PASS,PASS,44100,0.5821,4e-05,1.0,0.34,1.463,data/ESC-50-master/audio/2-59241-A-35.wav
2-66637-A-20.wav,2,20,crying_baby,True,66637,A,PASS,PASS,44100,0.7539,0.0,0.99,0.743,5.085,data/ESC-50-master/audio/2-66637-A-20.wav
2-66637-B-20.wav,2,20,crying_baby,True,66637,B,PASS,PASS,44100,0.7541,1e-05,1.0,0.907,5.077,data/ESC-50-master/audio/2-66637-B-20.wav
2-70052-A-42.wav,2,42,siren,False,70052,A,QUARANTINE_ADC_PREAMP_CLIPPING,QUARANTINE_ADC_PREAMP_CLIPPING,44100,1.0,3e-05,1.0,0.99,1.329,data/ESC-50-master/audio/2-70052-A-42.wav
2-70052-B-42.wav,2,42,siren,False,70052,B,QUARANTINE_ADC_PREAMP_CLIPPING,QUARANTINE_ADC_PREAMP_CLIPPING,44100,1.0,4e-05,0.77,0.993,2.16,data/ESC-50-master/audio/2-70052-B-42.wav
2-70936-A-42.wav,2,42,siren,False,70936,A,PASS,PASS,44100,0.9603,2e-05,1.0,0.994,1.459,data/ESC-50-master/audio/2-70936-A-42.wav
2-70938-A-42.wav,2,42,siren,False,70938,A,QUARANTINE_ADC_PREAMP_CLIPPING,QUARANTINE_ADC_PREAMP_CLIPPING,44100,1.0,1e-05,0.65,0.962,3.338,data/ESC-50-master/audio/2-70938-A-42.wav
2-70939-A-42.wav,2,42,siren,False,70939,A,QUARANTINE_ADC_PREAMP_CLIPPING,QUARANTINE_ADC_PREAMP_CLIPPING,44100,1.0,0.0,1.0,0.986,1.236,data/ESC-50-master/audio/2-70939-A-42.wav
2-72688-A-42.wav,2,42,siren,False,72688,A,QUARANTINE_MIC_DC_OFFSET_BIAS,QUARANTINE_MIC_DC_OFFSET_BIAS,44100,0.875,0.0224,1.0,0.965,2.247,data/ESC-50-master/audio/2-72688-A-42.wav
2-72970-A-10.wav,2,10,rain,True,72970,A,PASS,PASS,44100,0.9418,3e-05,1.0,0.559,2.255,data/ESC-50-master/audio/2-72970-A-10.wav
2-73027-A-10.wav,2,10,rain,True,73027,A,PASS,PASS,44100,0.6126,0.00038,1.0,0.457,1.551,data/ESC-50-master/audio/2-73027-A-10.wav
2-73260-A-10.wav,2,10,rain,True,73260,A,PASS,PASS,44100,0.535,9e-05,1.0,0.309,2.305,data/ESC-50-master/audio/2-73260-A-10.wav
2-78651-A-44.wav,2,44,engine,False,78651,A,PASS,PASS,44100,0.9449,3e-05,1.0,0.344,2.292,data/ESC-50-master/audio/2-78651-A-44.wav
2-80313-A-28.wav,2,28,snoring,False,80313,A,PASS,PASS,44100,0.4205,1e-05,1.0,0.072,5.013,data/ESC-50-master/audio/2-80313-A-28.wav
2-80482-A-20.wav,2,20,crying_baby,True,80482,A,PASS,PASS,44100,0.7885,0.0,0.76,0.724,4.438,data/ESC-50-master/audio/2-80482-A-20.wav
2-81731-A-10.wav,2,10,rain,True,81731,A,PASS,PASS,44100,0.839,0.0,1.0,0.276,6.391,data/ESC-50-master/audio/2-81731-A-10.wav
2-82367-A-10.wav,2,10,rain,True,82367,A,PASS,PASS,44100,0.7162,2e-05,1.0,0.389,1.442,data/ESC-50-master/audio/2-82367-A-10.wav
2-85292-A-24.wav,2,24,coughing,False,85292,A,QUARANTINE_ADC_PREAMP_CLIPPING,QUARANTINE_ADC_PREAMP_CLIPPING,44100,1.0,9e-05,0.71,0.875,15.276,data/ESC-50-master/audio/2-85292-A-24.wav
2-87412-A-24.wav,2,24,coughing,False,87412,A,QUARANTINE_ADC_PREAMP_CLIPPING,QUARANTINE_ADC_PREAMP_CLIPPING,44100,1.0,3e-05,0.33,0.891,8.388,data/ESC-50-master/audio/2-87412-A-24.wav
2-87781-A-10.wav,2,10,rain,True,87781,A,PASS,PASS,44100,0.8756,0.00038,1.0,0.085,2.942,data/ESC-50-master/audio/2-87781-A-10.wav
2-87794-A-24.wav,2,24,coughing,False,87794,A,QUARANTINE_ADC_PREAMP_CLIPPING,QUARANTINE_ADC_PREAMP_CLIPPING,44100,1.0,0.00164,0.57,0.885,11.685,data/ESC-50-master/audio/2-87794-A-24.wav
2-87795-A-24.wav,2,24,coughing,False,87795,A,QUARANTINE_ADC_PREAMP_CLIPPING,QUARANTINE_ADC_PREAMP_CLIPPING,44100,1.0,0.00093,0.69,0.902,7.353,data/ESC-50-master/audio/2-87795-A-24.wav
2-87799-A-24.wav,2,24,coughing,False,87799,A,QUARANTINE_ADC_PREAMP_CLIPPING,QUARANTINE_ADC_PREAMP_CLIPPING,44100,1.0,0.00021,0.45,0.931,5.885,data/ESC-50-master/audio/2-87799-A-24.wav
2-98676-A-24.wav,2,24,coughing,False,98676,A,PASS,PASS,44100,0.1173,1e-05,0.15,0.723,15.826,data/ESC-50-master/audio/2-98676-A-24.wav
3-115382-A-44.wav,3,44,engine,False,115382,A,QUARANTINE_ADC_PREAMP_CLIPPING,QUARANTINE_ADC_PREAMP_CLIPPING|QUARANTINE_MIC_DC_OFFSET_BIAS,44100,1.0,0.12938,1.0,0.178,2.789,data/ESC-50-master/audio/3-115382-A-44.wav
3-119455-A-44.wav,3,44,engine,False,119455,A,PASS,PASS,44100,0.3756,0.00073,1.0,0.228,1.236,data/ESC-50-master/audio/3-119455-A-44.wav
3-123086-A-28.wav,3,28,snoring,False,123086,A,PASS,PASS,44100,0.1076,6e-05,1.0,0.252,3.433,data/ESC-50-master/audio/3-123086-A-28.wav
3-124795-A-28.wav,3,28,snoring,False,124795,A,PASS,PASS,44100,0.0287,1e-05,0.39,0.127,3.017,data/ESC-50-master/audio/3-124795-A-28.wav
3-124958-A-28.wav,3,28,snoring,False,124958,A,PASS,PASS,44100,0.458,0.0001,1.0,0.035,4.28,data/ESC-50-master/audio/3-124958-A-28.wav
3-125418-A-24.wav,3,24,coughing,False,125418,A,PASS,PASS,44100,0.1958,0.00026,0.6,0.698,7.382,data/ESC-50-master/audio/3-125418-A-24.wav
3-128160-A-44.wav,3,44,engine,False,128160,A,PASS,PASS,44100,0.1169,0.00057,1.0,0.688,1.383,data/ESC-50-master/audio/3-128160-A-44.wav
3-130998-A-28.wav,3,28,snoring,False,130998,A,PASS,PASS,44100,0.438,0.00108,1.0,0.031,3.94,data/ESC-50-master/audio/3-130998-A-28.wav
3-130998-B-28.wav,3,28,snoring,False,130998,B,QUARANTINE_ADC_PREAMP_CLIPPING,QUARANTINE_ADC_PREAMP_CLIPPING,44100,1.0,0.00141,1.0,0.036,3.564,data/ESC-50-master/audio/3-130998-B-28.wav
3-132601-A-24.wav,3,24,coughing,False,132601,A,PASS,PASS,44100,0.3969,0.0,0.14,0.487,16.055,data/ESC-50-master/audio/3-132601-A-24.wav
3-132852-A-10.wav,3,10,rain,True,132852,A,PASS,PASS,44100,0.7143,0.00046,1.0,0.039,2.396,data/ESC-50-master/audio/3-132852-A-10.wav
3-135469-A-35.wav,3,35,washing_machine,False,135469,A,PASS,PASS,44100,0.6782,0.00062,1.0,0.051,1.586,data/ESC-50-master/audio/3-135469-A-35.wav
3-140774-A-10.wav,3,10,rain,True,140774,A,PASS,PASS,44100,0.6602,0.00034,1.0,0.591,1.62,data/ESC-50-master/audio/3-140774-A-10.wav
3-141240-A-44.wav,3,44,engine,False,141240,A,QUARANTINE_ADC_PREAMP_CLIPPING,QUARANTINE_ADC_PREAMP_CLIPPING,44100,1.0,0.00014,0.99,0.218,8.708,data/ESC-50-master/audio/3-141240-A-44.wav
3-141240-B-44.wav,3,44,engine,False,141240,B,PASS,PASS,44100,0.1543,3e-05,1.0,0.072,4.286,data/ESC-50-master/audio/3-141240-B-44.wav
3-142005-A-10.wav,3,10,rain,True,142005,A,PASS,PASS,44100,0.6925,0.00048,1.0,0.49,1.76,data/ESC-50-master/audio/3-142005-A-10.wav
3-142006-A-10.wav,3,10,rain,True,142006,A,PASS,PASS,44100,0.5059,0.00015,1.0,0.746,1.353,data/ESC-50-master/audio/3-142006-A-10.wav
3-142604-A-24.wav,3,24,coughing,False,142604,A,PASS,PASS,44100,0.7332,1e-05,0.56,0.714,11.801,data/ESC-50-master/audio/3-142604-A-24.wav
3-143929-A-10.wav,3,10,rain,True,143929,A,PASS,PASS,44100,0.7544,4e-05,1.0,0.034,1.33,data/ESC-50-master/audio/3-143929-A-10.wav
3-145487-A-24.wav,3,24,coughing,False,145487,A,PASS,PASS,44100,0.9783,0.0,0.14,0.274,16.541,data/ESC-50-master/audio/3-145487-A-24.wav
3-146186-A-44.wav,3,44,engine,False,146186,A,PASS,PASS,44100,0.6935,0.00032,1.0,0.014,1.476,data/ESC-50-master/audio/3-146186-A-44.wav
3-146873-A-24.wav,3,24,coughing,False,146873,A,PASS,PASS,44100,0.7635,1e-05,0.23,0.563,12.534,data/ESC-50-master/audio/3-146873-A-24.wav
3-149042-A-24.wav,3,24,coughing,False,149042,A,QUARANTINE_EXCESSIVE_DEAD_AIR,QUARANTINE_EXCESSIVE_DEAD_AIR,44100,0.4246,1e-05,0.08,0.863,23.427,data/ESC-50-master/audio/3-149042-A-24.wav
3-151080-A-20.wav,3,20,crying_baby,True,151080,A,PASS,PASS,44100,0.8322,0.0,0.94,0.833,2.578,data/ESC-50-master/audio/3-151080-A-20.wav
3-151081-A-20.wav,3,20,crying_baby,True,151081,A,PASS,PASS,44100,0.8897,1e-05,0.97,0.799,2.764,data/ESC-50-master/audio/3-151081-A-20.wav
3-151081-B-20.wav,3,20,crying_baby,True,151081,B,PASS,PASS,44100,0.9233,2e-05,1.0,0.981,4.299,data/ESC-50-master/audio/3-151081-B-20.wav
3-151212-A-24.wav,3,24,coughing,False,151212,A,PASS,PASS,44100,0.4505,0.0,0.18,0.899,20.734,data/ESC-50-master/audio/3-151212-A-24.wav
3-151213-A-24.wav,3,24,coughing,False,151213,A,QUARANTINE_ADC_PREAMP_CLIPPING,QUARANTINE_ADC_PREAMP_CLIPPING,44100,1.0,4e-05,0.18,0.775,16.194,data/ESC-50-master/audio/3-151213-A-24.wav
3-151255-A-28.wav,3,28,snoring,False,151255,A,PASS,PASS,44100,0.3153,4e-05,0.56,0.049,4.405,data/ESC-50-master/audio/3-151255-A-28.wav
3-151269-A-35.wav,3,35,washing_machine,False,151269,A,QUARANTINE_MIC_DC_OFFSET_BIAS,QUARANTINE_MIC_DC_OFFSET_BIAS,44100,0.3913,0.00274,1.0,0.399,1.448,data/ESC-50-master/audio/3-151269-A-35.wav
3-151273-A-35.wav,3,35,washing_machine,False,151273,A,QUARANTINE_MIC_DC_OFFSET_BIAS,QUARANTINE_MIC_DC_OFFSET_BIAS,44100,0.4689,0.00248,1.0,0.258,1.239,data/ESC-50-master/audio/3-151273-A-35.wav
3-151557-A-28.wav,3,28,snoring,False,151557,A,PASS,PASS,44100,0.4135,0.00054,1.0,0.143,5.723,data/ESC-50-master/audio/3-151557-A-28.wav
3-151557-B-28.wav,3,28,snoring,False,151557,B,QUARANTINE_ADC_PREAMP_CLIPPING,QUARANTINE_ADC_PREAMP_CLIPPING,44100,1.0,0.00033,1.0,0.251,5.39,data/ESC-50-master/audio/3-151557-B-28.wav
3-152007-A-20.wav,3,20,crying_baby,True,152007,A,PASS,PASS,44100,0.9398,0.0,0.8,0.814,4.634,data/ESC-50-master/audio/3-152007-A-20.wav
3-152007-B-20.wav,3,20,crying_baby,True,152007,B,PASS,PASS,44100,0.9598,1e-05,0.98,0.955,2.631,data/ESC-50-master/audio/3-152007-B-20.wav
3-152007-C-20.wav,3,20,crying_baby,True,152007,C,PASS,PASS,44100,0.9362,1e-05,0.86,0.975,3.901,data/ESC-50-master/audio/3-152007-C-20.wav
3-152007-D-20.wav,3,20,crying_baby,True,152007,D,PASS,PASS,44100,0.9448,1e-05,0.88,0.823,2.834,data/ESC-50-master/audio/3-152007-D-20.wav
3-152007-E-20.wav,3,20,crying_baby,True,152007,E,PASS,PASS,44100,0.9023,0.0,0.99,0.928,3.365,data/ESC-50-master/audio/3-152007-E-20.wav
3-152020-A-36.wav,3,36,vacuum_cleaner,False,152020,A,QUARANTINE_ADC_PREAMP_CLIPPING,QUARANTINE_ADC_PREAMP_CLIPPING,44100,1.0,0.00153,0.87,0.767,2.109,data/ESC-50-master/audio/3-152020-A-36.wav
3-152020-B-36.wav,3,36,vacuum_cleaner,False,152020,B,QUARANTINE_ADC_PREAMP_CLIPPING,QUARANTINE_ADC_PREAMP_CLIPPING,44100,1.0,0.00171,1.0,0.78,1.091,data/ESC-50-master/audio/3-152020-B-36.wav
3-152020-C-36.wav,3,36,vacuum_cleaner,False,152020,C,QUARANTINE_FOREGROUND_VOCAL_BLEED,QUARANTINE_FOREGROUND_VOCAL_BLEED|QUARANTINE_ADC_PREAMP_CLIPPING,44100,1.0,0.00012,0.79,0.801,2.952,data/ESC-50-master/audio/3-152020-C-36.wav
3-154758-A-44.wav,3,44,engine,False,154758,A,PASS,PASS,44100,0.1557,8e-05,1.0,0.732,1.181,data/ESC-50-master/audio/3-154758-A-44.wav
3-156391-A-35.wav,3,35,washing_machine,False,156391,A,PASS,PASS,44100,0.1128,2e-05,1.0,0.134,1.278,data/ESC-50-master/audio/3-156391-A-35.wav
3-156393-A-35.wav,3,35,washing_machine,False,156393,A,PASS,PASS,44100,0.2467,3e-05,1.0,0.07,1.624,data/ESC-50-master/audio/3-156393-A-35.wav
3-157149-A-10.wav,3,10,rain,True,157149,A,PASS,PASS,44100,0.8042,1e-05,1.0,0.423,1.358,data/ESC-50-master/audio/3-157149-A-10.wav
3-157487-A-10.wav,3,10,rain,True,157487,A,QUARANTINE_ADC_PREAMP_CLIPPING,QUARANTINE_ADC_PREAMP_CLIPPING,44100,0.9984,9e-05,1.0,0.203,1.191,data/ESC-50-master/audio/3-157487-A-10.wav
3-157615-A-10.wav,3,10,rain,True,157615,A,PASS,PASS,44100,0.4687,0.0,1.0,0.301,1.152,data/ESC-50-master/audio/3-157615-A-10.wav
3-159346-A-36.wav,3,36,vacuum_cleaner,False,159346,A,PASS,PASS,44100,0.4353,1e-05,1.0,0.704,1.121,data/ESC-50-master/audio/3-159346-A-36.wav
3-159346-B-36.wav,3,36,vacuum_cleaner,False,159346,B,PASS,PASS,44100,0.9064,1e-05,1.0,0.456,1.323,data/ESC-50-master/audio/3-159346-B-36.wav
3-159347-A-36.wav,3,36,vacuum_cleaner,False,159347,A,PASS,PASS,44100,0.8569,0.0001,1.0,0.455,1.544,data/ESC-50-master/audio/3-159347-A-36.wav
3-159347-B-36.wav,3,36,vacuum_cleaner,False,159347,B,PASS,PASS,44100,0.7171,7e-05,1.0,0.605,1.996,data/ESC-50-master/audio/3-159347-B-36.wav
3-159348-A-36.wav,3,36,vacuum_cleaner,False,159348,A,PASS,PASS,44100,0.1736,0.0,1.0,0.695,2.304,data/ESC-50-master/audio/3-159348-A-36.wav
3-182710-A-35.wav,3,35,washing_machine,False,182710,A,QUARANTINE_MIC_DC_OFFSET_BIAS,QUARANTINE_MIC_DC_OFFSET_BIAS,44100,0.6463,0.00418,1.0,0.045,1.965,data/ESC-50-master/audio/3-182710-A-35.wav
3-182710-B-35.wav,3,35,washing_machine,False,182710,B,QUARANTINE_MIC_DC_OFFSET_BIAS,QUARANTINE_MIC_DC_OFFSET_BIAS,44100,0.5613,0.00592,1.0,0.075,6.124,data/ESC-50-master/audio/3-182710-B-35.wav
3-188726-A-35.wav,3,35,washing_machine,False,188726,A,QUARANTINE_ADC_PREAMP_CLIPPING,QUARANTINE_ADC_PREAMP_CLIPPING,44100,1.0,0.00029,1.0,0.088,1.491,data/ESC-50-master/audio/3-188726-A-35.wav
3-259622-A-44.wav,3,44,engine,False,259622,A,QUARANTINE_ADC_PREAMP_CLIPPING,QUARANTINE_ADC_PREAMP_CLIPPING,44100,1.0,2e-05,1.0,0.313,1.26,data/ESC-50-master/audio/3-259622-A-44.wav
3-51376-A-42.wav,3,42,siren,False,51376,A,PASS,PASS,44100,0.9517,0.00016,1.0,0.985,2.095,data/ESC-50-master/audio/3-51376-A-42.wav
3-51731-A-42.wav,3,42,siren,False,51731,A,PASS,PASS,44100,0.29,0.00054,1.0,0.234,1.882,data/ESC-50-master/audio/3-51731-A-42.wav
3-51731-B-42.wav,3,42,siren,False,51731,B,QUARANTINE_ADC_PREAMP_CLIPPING,QUARANTINE_ADC_PREAMP_CLIPPING,44100,1.0,0.00102,1.0,0.919,2.254,data/ESC-50-master/audio/3-51731-B-42.wav
3-51909-A-42.wav,3,42,siren,False,51909,A,QUARANTINE_ADC_PREAMP_CLIPPING,QUARANTINE_ADC_PREAMP_CLIPPING,44100,1.0,3e-05,1.0,0.791,1.617,data/ESC-50-master/audio/3-51909-A-42.wav
3-51909-B-42.wav,3,42,siren,False,51909,B,QUARANTINE_ADC_PREAMP_CLIPPING,QUARANTINE_ADC_PREAMP_CLIPPING|QUARANTINE_MIC_DC_OFFSET_BIAS,44100,1.0,0.02295,1.0,0.934,1.281,data/ESC-50-master/audio/3-51909-B-42.wav
3-58772-A-42.wav,3,42,siren,False,58772,A,PASS,PASS,44100,0.9359,2e-05,1.0,0.92,2.009,data/ESC-50-master/audio/3-58772-A-42.wav
3-62878-A-42.wav,3,42,siren,False,62878,A,QUARANTINE_ADC_PREAMP_CLIPPING,QUARANTINE_ADC_PREAMP_CLIPPING,44100,1.0,1e-05,1.0,0.992,1.64,data/ESC-50-master/audio/3-62878-A-42.wav
3-62878-B-42.wav,3,42,siren,False,62878,B,PASS,PASS,44100,0.9864,5e-05,0.48,0.986,3.014,data/ESC-50-master/audio/3-62878-B-42.wav
4-102871-A-42.wav,4,42,siren,False,102871,A,PASS,PASS,44100,0.5785,0.00012,1.0,0.966,1.623,data/ESC-50-master/audio/4-102871-A-42.wav
4-111671-A-42.wav,4,42,siren,False,111671,A,PASS,PASS,44100,0.3449,0.00034,1.0,0.997,2.748,data/ESC-50-master/audio/4-111671-A-42.wav
4-111671-B-42.wav,4,42,siren,False,111671,B,PASS,PASS,44100,0.2668,2e-05,1.0,0.997,1.509,data/ESC-50-master/audio/4-111671-B-42.wav
4-121532-A-42.wav,4,42,siren,False,121532,A,PASS,PASS,44100,0.5047,6e-05,1.0,0.983,2.499,data/ESC-50-master/audio/4-121532-A-42.wav
4-146200-A-36.wav,4,36,vacuum_cleaner,False,146200,A,QUARANTINE_ADC_PREAMP_CLIPPING,QUARANTINE_ADC_PREAMP_CLIPPING|QUARANTINE_MIC_DC_OFFSET_BIAS,44100,1.0,0.00859,1.0,0.784,1.402,data/ESC-50-master/audio/4-146200-A-36.wav
4-152995-A-24.wav,4,24,coughing,False,152995,A,QUARANTINE_MIC_DC_OFFSET_BIAS,QUARANTINE_MIC_DC_OFFSET_BIAS,44100,0.7126,0.02153,0.48,0.414,18.788,data/ESC-50-master/audio/4-152995-A-24.wav
4-154443-A-24.wav,4,24,coughing,False,154443,A,QUARANTINE_ADC_PREAMP_CLIPPING,QUARANTINE_ADC_PREAMP_CLIPPING,44100,1.0,0.00021,0.19,0.832,13.662,data/ESC-50-master/audio/4-154443-A-24.wav
4-155650-A-24.wav,4,24,coughing,False,155650,A,QUARANTINE_ADC_PREAMP_CLIPPING,QUARANTINE_ADC_PREAMP_CLIPPING,44100,1.0,2e-05,0.55,0.861,10.39,data/ESC-50-master/audio/4-155650-A-24.wav
4-155650-B-24.wav,4,24,coughing,False,155650,B,PASS,PASS,44100,0.7083,3e-05,0.38,0.864,17.695,data/ESC-50-master/audio/4-155650-B-24.wav
4-157296-A-24.wav,4,24,coughing,False,157296,A,PASS,PASS,44100,0.8506,0.0001,0.84,0.552,6.982,data/ESC-50-master/audio/4-157296-A-24.wav
4-160999-A-10.wav,4,10,rain,True,160999,A,PASS,PASS,44100,0.8398,1e-05,1.0,0.757,1.697,data/ESC-50-master/audio/4-160999-A-10.wav
4-161127-A-10.wav,4,10,rain,True,161127,A,PASS,PASS,44100,0.8572,7e-05,1.0,0.241,1.514,data/ESC-50-master/audio/4-161127-A-10.wav
4-163264-A-10.wav,4,10,rain,True,163264,A,PASS,PASS,44100,0.5347,0.00021,1.0,0.157,1.263,data/ESC-50-master/audio/4-163264-A-10.wav
4-164206-A-10.wav,4,10,rain,True,164206,A,PASS,PASS,44100,0.6242,3e-05,1.0,0.538,1.447,data/ESC-50-master/audio/4-164206-A-10.wav
4-166661-A-10.wav,4,10,rain,True,166661,A,PASS,PASS,44100,0.9315,5e-05,1.0,0.762,1.47,data/ESC-50-master/audio/4-166661-A-10.wav
4-167077-A-20.wav,4,20,crying_baby,True,167077,A,PASS,PASS,44100,0.9509,2e-05,0.98,0.831,6.594,data/ESC-50-master/audio/4-167077-A-20.wav
4-167077-B-20.wav,4,20,crying_baby,True,167077,B,PASS,PASS,44100,0.9333,1e-05,0.97,0.91,3.653,data/ESC-50-master/audio/4-167077-B-20.wav
4-167077-C-20.wav,4,20,crying_baby,True,167077,C,PASS,PASS,44100,0.9044,6e-05,0.83,0.85,4.03,data/ESC-50-master/audio/4-167077-C-20.wav
4-169726-A-24.wav,4,24,coughing,False,169726,A,QUARANTINE_ADC_PREAMP_CLIPPING,QUARANTINE_ADC_PREAMP_CLIPPING,44100,1.0,6e-05,0.22,0.611,26.209,data/ESC-50-master/audio/4-169726-A-24.wav
4-171396-A-24.wav,4,24,coughing,False,171396,A,PASS,PASS,44100,0.8113,0.00013,0.45,0.859,6.433,data/ESC-50-master/audio/4-171396-A-24.wav
4-171652-A-44.wav,4,44,engine,False,171652,A,QUARANTINE_ADC_PREAMP_CLIPPING,QUARANTINE_ADC_PREAMP_CLIPPING,44100,1.0,0.00077,1.0,0.487,1.268,data/ESC-50-master/audio/4-171652-A-44.wav
4-172732-A-36.wav,4,36,vacuum_cleaner,False,172732,A,PASS,PASS,44100,0.8428,9e-05,1.0,0.876,1.214,data/ESC-50-master/audio/4-172732-A-36.wav
4-172733-A-36.wav,4,36,vacuum_cleaner,False,172733,A,QUARANTINE_ADC_PREAMP_CLIPPING,QUARANTINE_ADC_PREAMP_CLIPPING,44100,1.0,6e-05,1.0,0.877,1.114,data/ESC-50-master/audio/4-172733-A-36.wav
4-172734-A-36.wav,4,36,vacuum_cleaner,False,172734,A,QUARANTINE_ADC_PREAMP_CLIPPING,QUARANTINE_ADC_PREAMP_CLIPPING,44100,1.0,8e-05,1.0,0.88,2.002,data/ESC-50-master/audio/4-172734-A-36.wav
4-172736-A-36.wav,4,36,vacuum_cleaner,False,172736,A,QUARANTINE_ADC_PREAMP_CLIPPING,QUARANTINE_ADC_PREAMP_CLIPPING,44100,1.0,8e-05,1.0,0.866,1.509,data/ESC-50-master/audio/4-172736-A-36.wav
4-172736-B-36.wav,4,36,vacuum_cleaner,False,172736,B,QUARANTINE_ADC_PREAMP_CLIPPING,QUARANTINE_ADC_PREAMP_CLIPPING,44100,1.0,2e-05,1.0,0.874,2.134,data/ESC-50-master/audio/4-172736-B-36.wav
4-177250-A-10.wav,4,10,rain,True,177250,A,PASS,PASS,44100,0.5166,0.00045,1.0,0.33,1.539,data/ESC-50-master/audio/4-177250-A-10.wav
4-177835-A-24.wav,4,24,coughing,False,177835,A,PASS,PASS,44100,0.5933,3e-05,0.16,0.727,23.457,data/ESC-50-master/audio/4-177835-A-24.wav
4-180337-A-28.wav,4,28,snoring,False,180337,A,PASS,PASS,44100,0.4659,0.00027,1.0,0.131,4.826,data/ESC-50-master/audio/4-180337-A-28.wav
4-180380-A-10.wav,4,10,rain,True,180380,A,PASS,PASS,44100,0.6847,3e-05,1.0,0.577,1.464,data/ESC-50-master/audio/4-180380-A-10.wav
4-181286-A-10.wav,4,10,rain,True,181286,A,PASS,PASS,44100,0.9354,4e-05,1.0,0.371,1.738,data/ESC-50-master/audio/4-181286-A-10.wav
4-181999-A-36.wav,4,36,vacuum_cleaner,False,181999,A,QUARANTINE_ADC_PREAMP_CLIPPING,QUARANTINE_ADC_PREAMP_CLIPPING|QUARANTINE_MIC_DC_OFFSET_BIAS,44100,1.0,0.01046,1.0,0.605,1.185,data/ESC-50-master/audio/4-181999-A-36.wav
4-183882-A-28.wav,4,28,snoring,False,183882,A,PASS,PASS,44100,0.5703,0.00068,1.0,0.228,4.273,data/ESC-50-master/audio/4-183882-A-28.wav
4-183882-B-28.wav,4,28,snoring,False,183882,B,PASS,PASS,44100,0.29,0.00077,1.0,0.291,6.143,data/ESC-50-master/audio/4-183882-B-28.wav
4-184235-A-28.wav,4,28,snoring,False,184235,A,PASS,PASS,44100,0.0343,0.0,0.86,0.312,3.446,data/ESC-50-master/audio/4-184235-A-28.wav
4-184237-A-28.wav,4,28,snoring,False,184237,A,PASS,PASS,44100,0.2851,2e-05,1.0,0.037,7.928,data/ESC-50-master/audio/4-184237-A-28.wav
4-185575-A-20.wav,4,20,crying_baby,True,185575,A,PASS,PASS,44100,0.9358,0.0,1.0,0.965,7.212,data/ESC-50-master/audio/4-185575-A-20.wav
4-185575-B-20.wav,4,20,crying_baby,True,185575,B,PASS,PASS,44100,0.9385,0.0,1.0,0.954,3.436,data/ESC-50-master/audio/4-185575-B-20.wav
4-185575-C-20.wav,4,20,crying_baby,True,185575,C,PASS,PASS,44100,0.9461,0.0,0.96,0.97,4.76,data/ESC-50-master/audio/4-185575-C-20.wav
4-186935-A-44.wav,4,44,engine,False,186935,A,QUARANTINE_MIC_DC_OFFSET_BIAS,QUARANTINE_MIC_DC_OFFSET_BIAS,44100,0.6411,0.00624,0.71,0.684,1.683,data/ESC-50-master/audio/4-186935-A-44.wav
4-186936-A-44.wav,4,44,engine,False,186936,A,PASS,PASS,44100,0.5706,8e-05,1.0,0.087,2.292,data/ESC-50-master/audio/4-186936-A-44.wav
4-186938-A-44.wav,4,44,engine,False,186938,A,QUARANTINE_ADC_PREAMP_CLIPPING,QUARANTINE_ADC_PREAMP_CLIPPING,44100,1.0,0.00016,0.58,0.109,4.178,data/ESC-50-master/audio/4-186938-A-44.wav
4-186940-A-44.wav,4,44,engine,False,186940,A,QUARANTINE_ADC_PREAMP_CLIPPING,QUARANTINE_ADC_PREAMP_CLIPPING,44100,1.0,0.00018,0.77,0.457,1.475,data/ESC-50-master/audio/4-186940-A-44.wav
4-186962-A-44.wav,4,44,engine,False,186962,A,QUARANTINE_ADC_PREAMP_CLIPPING,QUARANTINE_ADC_PREAMP_CLIPPING|QUARANTINE_MIC_DC_OFFSET_BIAS,44100,1.0,0.00222,1.0,0.135,1.505,data/ESC-50-master/audio/4-186962-A-44.wav
4-191297-A-28.wav,4,28,snoring,False,191297,A,QUARANTINE_ADC_PREAMP_CLIPPING,QUARANTINE_ADC_PREAMP_CLIPPING,44100,1.0,0.0,1.0,0.341,3.894,data/ESC-50-master/audio/4-191297-A-28.wav
4-194680-A-36.wav,4,36,vacuum_cleaner,False,194680,A,PASS,PASS,44100,0.2557,0.0,1.0,0.617,2.659,data/ESC-50-master/audio/4-194680-A-36.wav
4-195451-A-44.wav,4,44,engine,False,195451,A,PASS,PASS,44100,0.7939,4e-05,1.0,0.352,1.275,data/ESC-50-master/audio/4-195451-A-44.wav
4-197454-A-28.wav,4,28,snoring,False,197454,A,QUARANTINE_ADC_PREAMP_CLIPPING,QUARANTINE_ADC_PREAMP_CLIPPING,44100,1.0,0.00011,0.78,0.32,4.61,data/ESC-50-master/audio/4-197454-A-28.wav
4-197454-B-28.wav,4,28,snoring,False,197454,B,QUARANTINE_ADC_PREAMP_CLIPPING,QUARANTINE_ADC_PREAMP_CLIPPING,44100,1.0,0.00011,0.67,0.474,6.305,data/ESC-50-master/audio/4-197454-B-28.wav
4-201988-A-44.wav,4,44,engine,False,201988,A,PASS,PASS,44100,0.7576,0.00013,1.0,0.036,2.646,data/ESC-50-master/audio/4-201988-A-44.wav
4-218199-A-35.wav,4,35,washing_machine,False,218199,A,PASS,PASS,44100,0.2432,0.00067,1.0,0.366,2.828,data/ESC-50-master/audio/4-218199-A-35.wav
4-218199-B-35.wav,4,35,washing_machine,False,218199,B,PASS,PASS,44100,0.5118,0.00061,1.0,0.239,2.722,data/ESC-50-master/audio/4-218199-B-35.wav
4-218199-C-35.wav,4,35,washing_machine,False,218199,C,QUARANTINE_MIC_DC_OFFSET_BIAS,QUARANTINE_MIC_DC_OFFSET_BIAS,44100,0.4521,0.00223,1.0,0.307,1.208,data/ESC-50-master/audio/4-218199-C-35.wav
4-218199-D-35.wav,4,35,washing_machine,False,218199,D,QUARANTINE_MIC_DC_OFFSET_BIAS,QUARANTINE_MIC_DC_OFFSET_BIAS,44100,0.7323,0.00297,1.0,0.18,1.363,data/ESC-50-master/audio/4-218199-D-35.wav
4-218199-E-35.wav,4,35,washing_machine,False,218199,E,PASS,PASS,44100,0.1073,0.00083,1.0,0.691,1.715,data/ESC-50-master/audio/4-218199-E-35.wav
4-218199-F-35.wav,4,35,washing_machine,False,218199,F,PASS,PASS,44100,0.5393,0.00089,1.0,0.382,3.117,data/ESC-50-master/audio/4-218199-F-35.wav
4-218199-G-35.wav,4,35,washing_machine,False,218199,G,PASS,PASS,44100,0.1785,0.00076,1.0,0.434,1.741,data/ESC-50-master/audio/4-218199-G-35.wav
4-218199-H-35.wav,4,35,washing_machine,False,218199,H,PASS,PASS,44100,0.0987,0.00078,1.0,0.308,1.302,data/ESC-50-master/audio/4-218199-H-35.wav
4-59579-A-20.wav,4,20,crying_baby,True,59579,A,PASS,PASS,44100,0.9283,1e-05,0.81,0.762,3.464,data/ESC-50-master/audio/4-59579-A-20.wav
4-59579-B-20.wav,4,20,crying_baby,True,59579,B,PASS,PASS,44100,0.8925,1e-05,0.47,0.968,7.337,data/ESC-50-master/audio/4-59579-B-20.wav
4-67358-A-42.wav,4,42,siren,False,67358,A,PASS,PASS,44100,0.994,2e-05,0.8,0.972,1.863,data/ESC-50-master/audio/4-67358-A-42.wav
4-80761-A-42.wav,4,42,siren,False,80761,A,QUARANTINE_ADC_PREAMP_CLIPPING,QUARANTINE_ADC_PREAMP_CLIPPING,44100,1.0,0.00135,1.0,0.941,1.903,data/ESC-50-master/audio/4-80761-A-42.wav
4-90014-A-42.wav,4,42,siren,False,90014,A,PASS,PASS,44100,0.158,9e-05,1.0,0.859,1.675,data/ESC-50-master/audio/4-90014-A-42.wav
4-90014-B-42.wav,4,42,siren,False,90014,B,PASS,PASS,44100,0.2902,9e-05,1.0,0.913,2.483,data/ESC-50-master/audio/4-90014-B-42.wav
5-117118-A-42.wav,5,42,siren,False,117118,A,QUARANTINE_ADC_PREAMP_CLIPPING,QUARANTINE_ADC_PREAMP_CLIPPING,44100,1.0,0.0,1.0,0.951,1.881,data/ESC-50-master/audio/5-117118-A-42.wav
5-117120-A-42.wav,5,42,siren,False,117120,A,QUARANTINE_ADC_PREAMP_CLIPPING,QUARANTINE_ADC_PREAMP_CLIPPING,44100,1.0,4e-05,1.0,0.859,1.993,data/ESC-50-master/audio/5-117120-A-42.wav
5-117122-A-42.wav,5,42,siren,False,117122,A,PASS,PASS,44100,0.898,4e-05,1.0,0.935,2.122,data/ESC-50-master/audio/5-117122-A-42.wav
5-133989-A-42.wav,5,42,siren,False,133989,A,QUARANTINE_MIC_DC_OFFSET_BIAS,QUARANTINE_MIC_DC_OFFSET_BIAS,44100,0.4198,0.01311,1.0,0.988,1.181,data/ESC-50-master/audio/5-133989-A-42.wav
5-133989-B-42.wav,5,42,siren,False,133989,B,PASS,PASS,44100,0.4916,0.00033,1.0,0.993,1.439,data/ESC-50-master/audio/5-133989-B-42.wav
5-141683-A-35.wav,5,35,washing_machine,False,141683,A,PASS,PASS,44100,0.1771,0.00024,1.0,0.152,1.34,data/ESC-50-master/audio/5-141683-A-35.wav
5-150409-A-42.wav,5,42,siren,False,150409,A,PASS,PASS,44100,0.815,0.00016,1.0,0.938,1.618,data/ESC-50-master/audio/5-150409-A-42.wav
5-151085-A-20.wav,5,20,crying_baby,True,151085,A,PASS,PASS,44100,0.8459,0.0,0.98,0.817,2.168,data/ESC-50-master/audio/5-151085-A-20.wav
5-160551-A-42.wav,5,42,siren,False,160551,A,PASS,PASS,44100,0.8375,1e-05,1.0,0.968,2.937,data/ESC-50-master/audio/5-160551-A-42.wav
5-178997-A-24.wav,5,24,coughing,False,178997,A,QUARANTINE_ADC_PREAMP_CLIPPING,QUARANTINE_ADC_PREAMP_CLIPPING,44100,1.0,5e-05,0.71,0.325,8.54,data/ESC-50-master/audio/5-178997-A-24.wav
5-181766-A-10.wav,5,10,rain,True,181766,A,PASS,PASS,44100,0.5365,0.0,1.0,0.735,1.314,data/ESC-50-master/audio/5-181766-A-10.wav
5-181977-A-35.wav,5,35,washing_machine,False,181977,A,PASS,PASS,44100,0.3634,0.0001,0.98,0.757,2.28,data/ESC-50-master/audio/5-181977-A-35.wav
5-182007-A-36.wav,5,36,vacuum_cleaner,False,182007,A,QUARANTINE_ADC_PREAMP_CLIPPING,QUARANTINE_ADC_PREAMP_CLIPPING|QUARANTINE_MIC_DC_OFFSET_BIAS,44100,1.0,0.00411,1.0,0.378,1.149,data/ESC-50-master/audio/5-182007-A-36.wav
5-182010-A-36.wav,5,36,vacuum_cleaner,False,182010,A,QUARANTINE_ADC_PREAMP_CLIPPING,QUARANTINE_ADC_PREAMP_CLIPPING|QUARANTINE_MIC_DC_OFFSET_BIAS,44100,1.0,0.00436,1.0,0.188,1.207,data/ESC-50-master/audio/5-182010-A-36.wav
5-182012-A-36.wav,5,36,vacuum_cleaner,False,182012,A,QUARANTINE_ADC_PREAMP_CLIPPING,QUARANTINE_ADC_PREAMP_CLIPPING|QUARANTINE_MIC_DC_OFFSET_BIAS,44100,1.0,0.00453,1.0,0.265,1.236,data/ESC-50-master/audio/5-182012-A-36.wav
5-184323-A-42.wav,5,42,siren,False,184323,A,PASS,PASS,44100,0.5471,0.00057,1.0,0.999,2.676,data/ESC-50-master/audio/5-184323-A-42.wav
5-184871-A-24.wav,5,24,coughing,False,184871,A,QUARANTINE_ADC_PREAMP_CLIPPING,QUARANTINE_ADC_PREAMP_CLIPPING,44100,1.0,4e-05,0.56,0.662,6.903,data/ESC-50-master/audio/5-184871-A-24.wav
5-188365-A-36.wav,5,36,vacuum_cleaner,False,188365,A,QUARANTINE_ADC_PREAMP_CLIPPING,QUARANTINE_ADC_PREAMP_CLIPPING,44100,1.0,0.00015,1.0,0.753,1.08,data/ESC-50-master/audio/5-188365-A-36.wav
5-188655-A-10.wav,5,10,rain,True,188655,A,PASS,PASS,44100,0.6267,1e-05,1.0,0.303,1.483,data/ESC-50-master/audio/5-188655-A-10.wav
5-193339-A-10.wav,5,10,rain,True,193339,A,PASS,PASS,44100,0.9435,4e-05,1.0,0.182,1.802,data/ESC-50-master/audio/5-193339-A-10.wav
5-194892-A-10.wav,5,10,rain,True,194892,A,PASS,PASS,44100,0.9779,1e-05,1.0,0.297,1.226,data/ESC-50-master/audio/5-194892-A-10.wav
5-195710-A-10.wav,5,10,rain,True,195710,A,PASS,PASS,44100,0.4358,0.0,1.0,0.254,1.869,data/ESC-50-master/audio/5-195710-A-10.wav
5-198321-A-10.wav,5,10,rain,True,198321,A,PASS,PASS,44100,0.6594,3e-05,1.0,0.611,1.243,data/ESC-50-master/audio/5-198321-A-10.wav
5-198411-A-20.wav,5,20,crying_baby,True,198411,A,PASS,PASS,44100,0.6302,1e-05,0.94,0.874,3.762,data/ESC-50-master/audio/5-198411-A-20.wav
5-198411-B-20.wav,5,20,crying_baby,True,198411,B,PASS,PASS,44100,0.6169,1e-05,0.93,0.919,4.464,data/ESC-50-master/audio/5-198411-B-20.wav
5-198411-C-20.wav,5,20,crying_baby,True,198411,C,PASS,PASS,44100,0.3834,1e-05,1.0,0.979,3.625,data/ESC-50-master/audio/5-198411-C-20.wav
5-198411-D-20.wav,5,20,crying_baby,True,198411,D,PASS,PASS,44100,0.693,0.0,0.97,0.928,2.307,data/ESC-50-master/audio/5-198411-D-20.wav
5-198411-E-20.wav,5,20,crying_baby,True,198411,E,PASS,PASS,44100,0.6378,0.0,1.0,0.934,2.145,data/ESC-50-master/audio/5-198411-E-20.wav
5-198411-F-20.wav,5,20,crying_baby,True,198411,F,PASS,PASS,44100,0.879,1e-05,0.93,0.977,4.253,data/ESC-50-master/audio/5-198411-F-20.wav
5-198411-G-20.wav,5,20,crying_baby,True,198411,G,PASS,PASS,44100,0.6382,1e-05,1.0,0.981,5.47,data/ESC-50-master/audio/5-198411-G-20.wav
5-202898-A-10.wav,5,10,rain,True,202898,A,PASS,PASS,44100,0.8746,0.0003,1.0,0.098,1.589,data/ESC-50-master/audio/5-202898-A-10.wav
5-203739-A-10.wav,5,10,rain,True,203739,A,PASS,PASS,44100,0.9158,1e-05,1.0,0.485,3.159,data/ESC-50-master/audio/5-203739-A-10.wav
5-204604-A-24.wav,5,24,coughing,False,204604,A,QUARANTINE_ADC_PREAMP_CLIPPING,QUARANTINE_ADC_PREAMP_CLIPPING,44100,1.0,0.00066,0.21,0.571,16.781,data/ESC-50-master/audio/5-204604-A-24.wav
5-207681-A-24.wav,5,24,coughing,False,207681,A,QUARANTINE_ADC_PREAMP_CLIPPING,QUARANTINE_ADC_PREAMP_CLIPPING,44100,1.0,0.0001,0.62,0.696,8.037,data/ESC-50-master/audio/5-207681-A-24.wav
5-207811-A-35.wav,5,35,washing_machine,False,207811,A,PASS,PASS,44100,0.3052,0.00126,1.0,0.211,1.279,data/ESC-50-master/audio/5-207811-A-35.wav
5-207811-B-35.wav,5,35,washing_machine,False,207811,B,PASS,PASS,44100,0.8266,0.00089,1.0,0.354,1.469,data/ESC-50-master/audio/5-207811-B-35.wav
5-208761-A-24.wav,5,24,coughing,False,208761,A,PASS,PASS,44100,0.2205,1e-05,0.6,0.532,5.73,data/ESC-50-master/audio/5-208761-A-24.wav
5-209719-A-24.wav,5,24,coughing,False,209719,A,PASS,PASS,44100,0.4565,1e-05,0.12,0.56,35.042,data/ESC-50-master/audio/5-209719-A-24.wav
5-209992-A-44.wav,5,44,engine,False,209992,A,PASS,PASS,44100,0.3539,0.00021,1.0,0.171,1.692,data/ESC-50-master/audio/5-209992-A-44.wav
5-209992-B-44.wav,5,44,engine,False,209992,B,QUARANTINE_ADC_PREAMP_CLIPPING,QUARANTINE_ADC_PREAMP_CLIPPING,44100,1.0,0.0003,1.0,0.17,1.163,data/ESC-50-master/audio/5-209992-B-44.wav
5-211197-A-24.wav,5,24,coughing,False,211197,A,PASS,PASS,44100,0.7793,5e-05,0.39,0.64,16.784,data/ESC-50-master/audio/5-211197-A-24.wav
5-212054-A-36.wav,5,36,vacuum_cleaner,False,212054,A,QUARANTINE_ADC_PREAMP_CLIPPING,QUARANTINE_ADC_PREAMP_CLIPPING,44100,1.0,4e-05,1.0,0.923,1.366,data/ESC-50-master/audio/5-212054-A-36.wav
5-212059-A-36.wav,5,36,vacuum_cleaner,False,212059,A,QUARANTINE_ADC_PREAMP_CLIPPING,QUARANTINE_ADC_PREAMP_CLIPPING,44100,1.0,0.00011,1.0,0.462,1.406,data/ESC-50-master/audio/5-212059-A-36.wav
5-216368-A-28.wav,5,28,snoring,False,216368,A,PASS,PASS,44100,0.4762,1e-05,0.85,0.483,5.818,data/ESC-50-master/audio/5-216368-A-28.wav
5-223810-A-35.wav,5,35,washing_machine,False,223810,A,PASS,PASS,44100,0.3494,0.00014,1.0,0.569,4.607,data/ESC-50-master/audio/5-223810-A-35.wav
5-231551-A-36.wav,5,36,vacuum_cleaner,False,231551,A,QUARANTINE_FOREGROUND_VOCAL_BLEED,QUARANTINE_FOREGROUND_VOCAL_BLEED,44100,0.5168,1e-05,0.78,0.724,2.757,data/ESC-50-master/audio/5-231551-A-36.wav
5-232272-A-44.wav,5,44,engine,False,232272,A,PASS,PASS,44100,0.2549,6e-05,1.0,0.265,1.345,data/ESC-50-master/audio/5-232272-A-44.wav
5-233312-A-28.wav,5,28,snoring,False,233312,A,PASS,PASS,44100,0.3646,2e-05,1.0,0.506,4.286,data/ESC-50-master/audio/5-233312-A-28.wav
5-234145-A-28.wav,5,28,snoring,False,234145,A,PASS,PASS,44100,0.4744,0.0003,1.0,0.359,6.946,data/ESC-50-master/audio/5-234145-A-28.wav
5-235507-A-44.wav,5,44,engine,False,235507,A,PASS,PASS,44100,0.1761,1e-05,1.0,0.794,1.282,data/ESC-50-master/audio/5-235507-A-44.wav
5-235874-A-28.wav,5,28,snoring,False,235874,A,PASS,PASS,44100,0.1073,0.0,0.47,0.293,4.745,data/ESC-50-master/audio/5-235874-A-28.wav
5-235893-A-28.wav,5,28,snoring,False,235893,A,PASS,PASS,44100,0.0815,0.0,0.3,0.39,6.626,data/ESC-50-master/audio/5-235893-A-28.wav
5-236288-A-28.wav,5,28,snoring,False,236288,A,PASS,PASS,44100,0.074,0.00012,0.6,0.114,3.997,data/ESC-50-master/audio/5-236288-A-28.wav
5-238021-A-35.wav,5,35,washing_machine,False,238021,A,PASS,PASS,44100,0.5337,0.00024,1.0,0.245,1.401,data/ESC-50-master/audio/5-238021-A-35.wav
5-240671-A-44.wav,5,44,engine,False,240671,A,PASS,PASS,44100,0.9242,0.0003,1.0,0.007,1.273,data/ESC-50-master/audio/5-240671-A-44.wav
5-243773-A-44.wav,5,44,engine,False,243773,A,PASS,PASS,44100,0.1765,0.00019,1.0,0.69,1.169,data/ESC-50-master/audio/5-243773-A-44.wav
5-243773-B-44.wav,5,44,engine,False,243773,B,PASS,PASS,44100,0.3331,0.00015,1.0,0.351,1.269,data/ESC-50-master/audio/5-243773-B-44.wav
5-243783-A-44.wav,5,44,engine,False,243783,A,PASS,PASS,44100,0.2315,0.00037,1.0,0.595,1.148,data/ESC-50-master/audio/5-243783-A-44.wav
5-244459-A-28.wav,5,28,snoring,False,244459,A,PASS,PASS,44100,0.1758,3e-05,0.99,0.32,8.524,data/ESC-50-master/audio/5-244459-A-28.wav
5-245040-A-35.wav,5,35,washing_machine,False,245040,A,PASS,PASS,44100,0.1376,0.0,0.9,0.467,2.389,data/ESC-50-master/audio/5-245040-A-35.wav
5-249748-A-28.wav,5,28,snoring,False,249748,A,PASS,PASS,44100,0.2547,7e-05,0.28,0.74,7.938,data/ESC-50-master/audio/5-249748-A-28.wav
5-251489-A-24.wav,5,24,coughing,False,251489,A,PASS,PASS,44100,0.9825,0.0,0.14,0.797,19.686,data/ESC-50-master/audio/5-251489-A-24.wav
5-260875-A-35.wav,5,35,washing_machine,False,260875,A,PASS,PASS,44100,0.6001,0.00013,1.0,0.329,1.172,data/ESC-50-master/audio/5-260875-A-35.wav
5-263902-A-36.wav,5,36,vacuum_cleaner,False,263902,A,PASS,PASS,44100,0.5051,1e-05,1.0,0.49,1.255,data/ESC-50-master/audio/5-263902-A-36.wav
