filename,src_file,source_category,human_vendor_label,auto_teacher_label,teacher_confidence,label_agreement,routing_action
1-17367-A-10.wav,17367,rain,background_noise,background_noise,0.932,True,ACCEPT_LABEL
1-18527-A-44.wav,18527,engine,background_noise,background_noise,0.548,True,ACCEPT_LABEL
1-18527-B-44.wav,18527,engine,background_noise,background_noise,0.492,True,ACCEPT_LABEL
1-187207-A-20.wav,187207,crying_baby,crying_baby,coughing,0.416,False,ACCEPT_LABEL
1-19111-A-24.wav,19111,coughing,coughing,coughing,0.904,True,ACCEPT_LABEL
1-19840-A-36.wav,19840,vacuum_cleaner,background_noise,background_noise,0.944,True,ACCEPT_LABEL
1-19872-A-36.wav,19872,vacuum_cleaner,background_noise,background_noise,0.912,True,ACCEPT_LABEL
1-19872-B-36.wav,19872,vacuum_cleaner,background_noise,background_noise,0.912,True,ACCEPT_LABEL
1-20545-A-28.wav,20545,snoring,snoring,snoring,0.592,True,ACCEPT_LABEL
1-211527-A-20.wav,211527,crying_baby,crying_baby,crying_baby,0.776,True,ACCEPT_LABEL
1-211527-B-20.wav,211527,crying_baby,crying_baby,crying_baby,0.776,True,ACCEPT_LABEL
1-211527-C-20.wav,211527,crying_baby,crying_baby,crying_baby,0.888,True,ACCEPT_LABEL
1-21189-A-10.wav,21189,rain,background_noise,background_noise,0.916,True,ACCEPT_LABEL
1-21896-A-35.wav,21896,washing_machine,background_noise,background_noise,0.668,True,ACCEPT_LABEL
1-22694-A-20.wav,22694,crying_baby,crying_baby,crying_baby,0.696,True,ACCEPT_LABEL
1-22694-B-20.wav,22694,crying_baby,crying_baby,crying_baby,0.704,True,ACCEPT_LABEL
1-22882-A-44.wav,22882,engine,background_noise,background_noise,0.892,True,ACCEPT_LABEL
1-23996-A-35.wav,23996,washing_machine,background_noise,background_noise,0.928,True,ACCEPT_LABEL
1-26222-A-10.wav,26222,rain,background_noise,background_noise,1.0,True,ACCEPT_LABEL
1-27165-A-35.wav,27165,washing_machine,background_noise,background_noise,0.94,True,ACCEPT_LABEL
1-27166-A-35.wav,27166,washing_machine,background_noise,background_noise,0.924,True,ACCEPT_LABEL
1-27403-A-28.wav,27403,snoring,snoring,snoring,0.752,True,ACCEPT_LABEL
1-27405-A-28.wav,27405,snoring,snoring,snoring,0.772,True,ACCEPT_LABEL
1-29561-A-10.wav,29561,rain,background_noise,background_noise,0.98,True,ACCEPT_LABEL
1-30830-A-24.wav,30830,coughing,coughing,coughing,0.544,True,ACCEPT_LABEL
1-32373-A-35.wav,32373,washing_machine,background_noise,background_noise,0.916,True,ACCEPT_LABEL
1-32373-B-35.wav,32373,washing_machine,background_noise,background_noise,0.892,True,ACCEPT_LABEL
1-39937-A-28.wav,39937,snoring,snoring,background_noise,0.472,False,ACCEPT_LABEL
1-40621-A-28.wav,40621,snoring,snoring,snoring,0.744,True,ACCEPT_LABEL
1-40967-A-28.wav,40967,snoring,snoring,snoring,0.56,True,ACCEPT_LABEL
1-47923-A-28.wav,47923,snoring,snoring,crying_baby,0.52,False,ACCEPT_LABEL
1-49098-A-35.wav,49098,washing_machine,background_noise,background_noise,0.744,True,ACCEPT_LABEL
1-50060-A-10.wav,50060,rain,background_noise,background_noise,0.884,True,ACCEPT_LABEL
1-50454-A-44.wav,50454,engine,background_noise,background_noise,0.744,True,ACCEPT_LABEL
1-50455-A-44.wav,50455,engine,background_noise,background_noise,0.856,True,ACCEPT_LABEL
1-52266-A-24.wav,52266,coughing,coughing,coughing,0.728,True,ACCEPT_LABEL
1-52323-A-24.wav,52323,coughing,coughing,coughing,0.74,True,ACCEPT_LABEL
1-53663-A-24.wav,53663,coughing,coughing,coughing,0.96,True,ACCEPT_LABEL
1-54084-A-42.wav,54084,siren,siren,siren,0.38,True,ACCEPT_LABEL
1-54958-A-10.wav,54958,rain,background_noise,background_noise,0.988,True,ACCEPT_LABEL
1-56311-A-10.wav,56311,rain,background_noise,background_noise,0.98,True,ACCEPT_LABEL
1-60460-A-36.wav,60460,vacuum_cleaner,background_noise,background_noise,0.956,True,ACCEPT_LABEL
1-60997-A-20.wav,60997,crying_baby,crying_baby,crying_baby,0.908,True,ACCEPT_LABEL
1-60997-B-20.wav,60997,crying_baby,crying_baby,crying_baby,0.892,True,ACCEPT_LABEL
1-61261-A-44.wav,61261,engine,background_noise,background_noise,0.732,True,ACCEPT_LABEL
1-62565-A-44.wav,62565,engine,background_noise,snoring,0.464,False,ACCEPT_LABEL
1-63679-A-24.wav,63679,coughing,coughing,coughing,0.592,True,ACCEPT_LABEL
1-63871-A-10.wav,63871,rain,background_noise,background_noise,0.976,True,ACCEPT_LABEL
2-101676-A-10.wav,101676,rain,background_noise,background_noise,0.908,True,ACCEPT_LABEL
2-102567-A-35.wav,102567,washing_machine,background_noise,background_noise,0.844,True,ACCEPT_LABEL
2-102567-B-35.wav,102567,washing_machine,background_noise,background_noise,0.928,True,ACCEPT_LABEL
2-102567-C-35.wav,102567,washing_machine,background_noise,background_noise,0.84,True,ACCEPT_LABEL
2-102567-D-35.wav,102567,washing_machine,background_noise,background_noise,0.816,True,ACCEPT_LABEL
2-102568-A-35.wav,102568,washing_machine,background_noise,background_noise,0.756,True,ACCEPT_LABEL
2-106014-A-44.wav,106014,engine,background_noise,background_noise,0.92,True,ACCEPT_LABEL
2-106015-A-44.wav,106015,engine,background_noise,background_noise,0.64,True,ACCEPT_LABEL
2-106015-B-44.wav,106015,engine,background_noise,background_noise,0.644,True,ACCEPT_LABEL
2-106486-A-44.wav,106486,engine,background_noise,background_noise,0.956,True,ACCEPT_LABEL
2-106487-A-44.wav,106487,engine,background_noise,background_noise,0.696,True,ACCEPT_LABEL
2-107228-B-44.wav,107228,engine,background_noise,snoring,0.608,False,ACCEPT_LABEL
2-107351-A-20.wav,107351,crying_baby,crying_baby,crying_baby,0.872,True,ACCEPT_LABEL
2-110417-A-28.wav,110417,snoring,snoring,snoring,0.628,True,ACCEPT_LABEL
2-110417-B-28.wav,110417,snoring,snoring,snoring,0.46,True,ACCEPT_LABEL
2-114609-A-28.wav,114609,snoring,snoring,snoring,0.676,True,ACCEPT_LABEL
2-114609-B-28.wav,114609,snoring,snoring,snoring,0.692,True,ACCEPT_LABEL
2-117330-A-28.wav,117330,snoring,snoring,snoring,0.788,True,ACCEPT_LABEL
2-117625-A-10.wav,117625,rain,background_noise,background_noise,0.968,True,ACCEPT_LABEL
2-121909-A-35.wav,121909,washing_machine,background_noise,background_noise,0.704,True,ACCEPT_LABEL
2-122820-A-36.wav,122820,vacuum_cleaner,background_noise,background_noise,0.908,True,ACCEPT_LABEL
2-122820-B-36.wav,122820,vacuum_cleaner,background_noise,background_noise,0.908,True,ACCEPT_LABEL
2-141681-A-36.wav,141681,vacuum_cleaner,background_noise,background_noise,0.98,True,ACCEPT_LABEL
2-141681-B-36.wav,141681,vacuum_cleaner,background_noise,background_noise,0.988,True,ACCEPT_LABEL
2-151079-A-20.wav,151079,crying_baby,crying_baby,crying_baby,0.852,True,ACCEPT_LABEL
2-43802-A-42.wav,43802,siren,siren,background_noise,0.628,False,ACCEPT_LABEL
2-43806-A-42.wav,43806,siren,siren,snoring,0.408,False,ACCEPT_LABEL
2-50665-A-20.wav,50665,crying_baby,crying_baby,crying_baby,0.536,True,ACCEPT_LABEL
2-50666-A-20.wav,50666,crying_baby,crying_baby,crying_baby,0.44,True,ACCEPT_LABEL
2-51173-A-35.wav,51173,washing_machine,background_noise,background_noise,0.664,True,ACCEPT_LABEL
2-52001-A-28.wav,52001,snoring,snoring,snoring,0.5,True,ACCEPT_LABEL
2-52001-B-28.wav,52001,snoring,snoring,snoring,0.564,True,ACCEPT_LABEL
2-59241-A-35.wav,59241,washing_machine,background_noise,background_noise,0.96,True,ACCEPT_LABEL
2-66637-A-20.wav,66637,crying_baby,crying_baby,crying_baby,0.756,True,ACCEPT_LABEL
2-66637-B-20.wav,66637,crying_baby,crying_baby,crying_baby,0.784,True,ACCEPT_LABEL
2-70936-A-42.wav,70936,siren,siren,siren,0.344,True,ACCEPT_LABEL
2-72970-A-10.wav,72970,rain,background_noise,background_noise,0.936,True,ACCEPT_LABEL
2-73027-A-10.wav,73027,rain,background_noise,background_noise,0.984,True,ACCEPT_LABEL
2-73260-A-10.wav,73260,rain,background_noise,background_noise,0.664,True,ACCEPT_LABEL
2-78651-A-44.wav,78651,engine,background_noise,background_noise,0.336,True,ACCEPT_LABEL
2-80313-A-28.wav,80313,snoring,snoring,snoring,0.86,True,ACCEPT_LABEL
2-80482-A-20.wav,80482,crying_baby,crying_baby,crying_baby,0.956,True,ACCEPT_LABEL
2-81731-A-10.wav,81731,rain,background_noise,background_noise,0.392,True,ACCEPT_LABEL
2-82367-A-10.wav,82367,rain,background_noise,background_noise,0.956,True,ACCEPT_LABEL
2-87781-A-10.wav,87781,rain,background_noise,background_noise,0.74,True,ACCEPT_LABEL
2-98676-A-24.wav,98676,coughing,coughing,coughing,0.964,True,ACCEPT_LABEL
3-119455-A-44.wav,119455,engine,background_noise,background_noise,0.752,True,ACCEPT_LABEL
3-123086-A-28.wav,123086,snoring,snoring,snoring,0.68,True,ACCEPT_LABEL
3-124795-A-28.wav,124795,snoring,snoring,background_noise,0.572,False,ACCEPT_LABEL
3-124958-A-28.wav,124958,snoring,snoring,snoring,0.644,True,ACCEPT_LABEL
3-125418-A-24.wav,125418,coughing,coughing,snoring,0.528,False,ACCEPT_LABEL
3-128160-A-44.wav,128160,engine,background_noise,background_noise,0.896,True,ACCEPT_LABEL
3-130998-A-28.wav,130998,snoring,snoring,snoring,0.516,True,ACCEPT_LABEL
3-132601-A-24.wav,132601,coughing,coughing,coughing,0.956,True,ACCEPT_LABEL
3-132852-A-10.wav,132852,rain,background_noise,background_noise,0.488,True,ACCEPT_LABEL
3-135469-A-35.wav,135469,washing_machine,background_noise,background_noise,0.556,True,ACCEPT_LABEL
3-140774-A-10.wav,140774,rain,background_noise,background_noise,0.88,True,ACCEPT_LABEL
3-141240-B-44.wav,141240,engine,background_noise,snoring,0.664,False,SEND_TO_EXPERT_ADJUDICATION
3-142005-A-10.wav,142005,rain,background_noise,background_noise,0.8,True,ACCEPT_LABEL
3-142006-A-10.wav,142006,rain,background_noise,background_noise,0.876,True,ACCEPT_LABEL
3-142604-A-24.wav,142604,coughing,coughing,coughing,0.876,True,ACCEPT_LABEL
3-143929-A-10.wav,143929,rain,background_noise,background_noise,0.764,True,ACCEPT_LABEL
3-145487-A-24.wav,145487,coughing,coughing,coughing,0.768,True,ACCEPT_LABEL
3-146186-A-44.wav,146186,engine,background_noise,background_noise,0.604,True,ACCEPT_LABEL
3-146873-A-24.wav,146873,coughing,coughing,coughing,0.968,True,ACCEPT_LABEL
3-151080-A-20.wav,151080,crying_baby,crying_baby,crying_baby,0.832,True,ACCEPT_LABEL
3-151081-A-20.wav,151081,crying_baby,crying_baby,crying_baby,0.656,True,ACCEPT_LABEL
3-151081-B-20.wav,151081,crying_baby,crying_baby,crying_baby,0.708,True,ACCEPT_LABEL
3-151212-A-24.wav,151212,coughing,coughing,coughing,0.88,True,ACCEPT_LABEL
3-151255-A-28.wav,151255,snoring,snoring,snoring,0.744,True,ACCEPT_LABEL
3-151557-A-28.wav,151557,snoring,snoring,snoring,0.904,True,ACCEPT_LABEL
3-152007-A-20.wav,152007,crying_baby,crying_baby,crying_baby,0.828,True,ACCEPT_LABEL
3-152007-B-20.wav,152007,crying_baby,crying_baby,crying_baby,0.6,True,ACCEPT_LABEL
3-152007-C-20.wav,152007,crying_baby,crying_baby,crying_baby,0.728,True,ACCEPT_LABEL
3-152007-D-20.wav,152007,crying_baby,crying_baby,crying_baby,0.848,True,ACCEPT_LABEL
3-152007-E-20.wav,152007,crying_baby,crying_baby,crying_baby,0.812,True,ACCEPT_LABEL
3-154758-A-44.wav,154758,engine,background_noise,background_noise,0.952,True,ACCEPT_LABEL
3-156391-A-35.wav,156391,washing_machine,background_noise,background_noise,0.944,True,ACCEPT_LABEL
3-156393-A-35.wav,156393,washing_machine,background_noise,background_noise,0.884,True,ACCEPT_LABEL
3-157149-A-10.wav,157149,rain,background_noise,background_noise,0.804,True,ACCEPT_LABEL
3-157615-A-10.wav,157615,rain,background_noise,background_noise,0.936,True,ACCEPT_LABEL
3-159346-A-36.wav,159346,vacuum_cleaner,background_noise,background_noise,0.968,True,ACCEPT_LABEL
3-159346-B-36.wav,159346,vacuum_cleaner,background_noise,background_noise,0.952,True,ACCEPT_LABEL
3-159347-A-36.wav,159347,vacuum_cleaner,background_noise,background_noise,0.9,True,ACCEPT_LABEL
3-159347-B-36.wav,159347,vacuum_cleaner,background_noise,background_noise,0.812,True,ACCEPT_LABEL
3-159348-A-36.wav,159348,vacuum_cleaner,background_noise,background_noise,0.88,True,ACCEPT_LABEL
3-51376-A-42.wav,51376,siren,siren,siren,0.556,True,ACCEPT_LABEL
3-51731-A-42.wav,51731,siren,siren,background_noise,0.764,False,SEND_TO_EXPERT_ADJUDICATION
3-58772-A-42.wav,58772,siren,siren,siren,0.556,True,ACCEPT_LABEL
3-62878-B-42.wav,62878,siren,siren,crying_baby,0.384,False,ACCEPT_LABEL
4-102871-A-42.wav,102871,siren,siren,background_noise,0.532,False,ACCEPT_LABEL
4-111671-A-42.wav,111671,siren,siren,siren,0.636,True,ACCEPT_LABEL
4-111671-B-42.wav,111671,siren,siren,siren,0.412,True,ACCEPT_LABEL
4-121532-A-42.wav,121532,siren,siren,siren,0.756,True,ACCEPT_LABEL
4-155650-B-24.wav,155650,coughing,coughing,coughing,0.768,True,ACCEPT_LABEL
4-157296-A-24.wav,157296,coughing,coughing,coughing,0.368,True,ACCEPT_LABEL
4-160999-A-10.wav,160999,rain,background_noise,background_noise,0.924,True,ACCEPT_LABEL
4-161127-A-10.wav,161127,rain,background_noise,background_noise,0.996,True,ACCEPT_LABEL
4-163264-A-10.wav,163264,rain,background_noise,background_noise,0.784,True,ACCEPT_LABEL
4-164206-A-10.wav,164206,rain,background_noise,background_noise,0.972,True,ACCEPT_LABEL
4-166661-A-10.wav,166661,rain,background_noise,background_noise,0.944,True,ACCEPT_LABEL
4-167077-A-20.wav,167077,crying_baby,crying_baby,coughing,0.712,False,SEND_TO_EXPERT_ADJUDICATION
4-167077-B-20.wav,167077,crying_baby,crying_baby,crying_baby,0.908,True,ACCEPT_LABEL
4-167077-C-20.wav,167077,crying_baby,crying_baby,crying_baby,0.864,True,ACCEPT_LABEL
4-171396-A-24.wav,171396,coughing,coughing,coughing,0.956,True,ACCEPT_LABEL
4-172732-A-36.wav,172732,vacuum_cleaner,background_noise,background_noise,0.928,True,ACCEPT_LABEL
4-177250-A-10.wav,177250,rain,background_noise,background_noise,0.984,True,ACCEPT_LABEL
4-177835-A-24.wav,177835,coughing,coughing,coughing,0.968,True,ACCEPT_LABEL
4-180337-A-28.wav,180337,snoring,snoring,snoring,0.748,True,ACCEPT_LABEL
4-180380-A-10.wav,180380,rain,background_noise,background_noise,1.0,True,ACCEPT_LABEL
4-181286-A-10.wav,181286,rain,background_noise,background_noise,0.984,True,ACCEPT_LABEL
4-183882-A-28.wav,183882,snoring,snoring,snoring,0.84,True,ACCEPT_LABEL
4-183882-B-28.wav,183882,snoring,snoring,snoring,0.824,True,ACCEPT_LABEL
4-184235-A-28.wav,184235,snoring,snoring,background_noise,0.704,False,SEND_TO_EXPERT_ADJUDICATION
4-184237-A-28.wav,184237,snoring,snoring,snoring,0.884,True,ACCEPT_LABEL
4-185575-A-20.wav,185575,crying_baby,crying_baby,crying_baby,0.468,True,ACCEPT_LABEL
4-185575-B-20.wav,185575,crying_baby,crying_baby,crying_baby,0.672,True,ACCEPT_LABEL
4-185575-C-20.wav,185575,crying_baby,crying_baby,crying_baby,0.888,True,ACCEPT_LABEL
4-186936-A-44.wav,186936,engine,background_noise,background_noise,0.504,True,ACCEPT_LABEL
4-194680-A-36.wav,194680,vacuum_cleaner,background_noise,background_noise,0.712,True,ACCEPT_LABEL
4-195451-A-44.wav,195451,engine,background_noise,background_noise,0.924,True,ACCEPT_LABEL
4-201988-A-44.wav,201988,engine,background_noise,snoring,0.628,False,ACCEPT_LABEL
4-218199-A-35.wav,218199,washing_machine,background_noise,background_noise,0.9,True,ACCEPT_LABEL
4-218199-B-35.wav,218199,washing_machine,background_noise,background_noise,0.464,True,ACCEPT_LABEL
4-218199-E-35.wav,218199,washing_machine,background_noise,background_noise,0.868,True,ACCEPT_LABEL
4-218199-F-35.wav,218199,washing_machine,background_noise,background_noise,0.62,True,ACCEPT_LABEL
4-218199-G-35.wav,218199,washing_machine,background_noise,background_noise,0.74,True,ACCEPT_LABEL
4-218199-H-35.wav,218199,washing_machine,background_noise,background_noise,0.596,True,ACCEPT_LABEL
4-59579-A-20.wav,59579,crying_baby,crying_baby,crying_baby,0.612,True,ACCEPT_LABEL
4-59579-B-20.wav,59579,crying_baby,crying_baby,crying_baby,0.908,True,ACCEPT_LABEL
4-67358-A-42.wav,67358,siren,siren,siren,0.504,True,ACCEPT_LABEL
4-90014-A-42.wav,90014,siren,siren,background_noise,0.344,False,ACCEPT_LABEL
4-90014-B-42.wav,90014,siren,siren,siren,0.46,True,ACCEPT_LABEL
5-117122-A-42.wav,117122,siren,siren,siren,0.544,True,ACCEPT_LABEL
5-133989-B-42.wav,133989,siren,siren,siren,0.5,True,ACCEPT_LABEL
5-141683-A-35.wav,141683,washing_machine,background_noise,background_noise,0.852,True,ACCEPT_LABEL
5-150409-A-42.wav,150409,siren,siren,background_noise,0.596,False,ACCEPT_LABEL
5-151085-A-20.wav,151085,crying_baby,crying_baby,crying_baby,0.872,True,ACCEPT_LABEL
5-160551-A-42.wav,160551,siren,siren,siren,0.688,True,ACCEPT_LABEL
5-181766-A-10.wav,181766,rain,background_noise,background_noise,0.932,True,ACCEPT_LABEL
5-181977-A-35.wav,181977,washing_machine,background_noise,background_noise,0.832,True,ACCEPT_LABEL
5-184323-A-42.wav,184323,siren,siren,siren,0.592,True,ACCEPT_LABEL
5-188655-A-10.wav,188655,rain,background_noise,background_noise,0.98,True,ACCEPT_LABEL
5-193339-A-10.wav,193339,rain,background_noise,background_noise,0.916,True,ACCEPT_LABEL
5-194892-A-10.wav,194892,rain,background_noise,background_noise,0.972,True,ACCEPT_LABEL
5-195710-A-10.wav,195710,rain,background_noise,background_noise,0.988,True,ACCEPT_LABEL
5-198321-A-10.wav,198321,rain,background_noise,background_noise,0.932,True,ACCEPT_LABEL
5-198411-A-20.wav,198411,crying_baby,crying_baby,crying_baby,0.9,True,ACCEPT_LABEL
5-198411-B-20.wav,198411,crying_baby,crying_baby,crying_baby,0.7,True,ACCEPT_LABEL
5-198411-C-20.wav,198411,crying_baby,crying_baby,siren,0.388,False,ACCEPT_LABEL
5-198411-D-20.wav,198411,crying_baby,crying_baby,siren,0.304,False,ACCEPT_LABEL
5-198411-E-20.wav,198411,crying_baby,crying_baby,crying_baby,0.728,True,ACCEPT_LABEL
5-198411-F-20.wav,198411,crying_baby,crying_baby,crying_baby,0.652,True,ACCEPT_LABEL
5-198411-G-20.wav,198411,crying_baby,crying_baby,crying_baby,0.536,True,ACCEPT_LABEL
5-202898-A-10.wav,202898,rain,background_noise,background_noise,0.648,True,ACCEPT_LABEL
5-203739-A-10.wav,203739,rain,background_noise,background_noise,0.724,True,ACCEPT_LABEL
5-207811-A-35.wav,207811,washing_machine,background_noise,background_noise,0.948,True,ACCEPT_LABEL
5-207811-B-35.wav,207811,washing_machine,background_noise,background_noise,0.852,True,ACCEPT_LABEL
5-208761-A-24.wav,208761,coughing,coughing,crying_baby,0.4,False,ACCEPT_LABEL
5-209719-A-24.wav,209719,coughing,coughing,coughing,0.78,True,ACCEPT_LABEL
5-209992-A-44.wav,209992,engine,background_noise,background_noise,0.716,True,ACCEPT_LABEL
5-211197-A-24.wav,211197,coughing,coughing,coughing,0.672,True,ACCEPT_LABEL
5-216368-A-28.wav,216368,snoring,snoring,background_noise,0.708,False,SEND_TO_EXPERT_ADJUDICATION
5-223810-A-35.wav,223810,washing_machine,background_noise,snoring,0.268,False,ACCEPT_LABEL
5-232272-A-44.wav,232272,engine,background_noise,background_noise,0.952,True,ACCEPT_LABEL
5-233312-A-28.wav,233312,snoring,snoring,snoring,0.884,True,ACCEPT_LABEL
5-234145-A-28.wav,234145,snoring,snoring,snoring,0.92,True,ACCEPT_LABEL
5-235507-A-44.wav,235507,engine,background_noise,background_noise,0.964,True,ACCEPT_LABEL
5-235874-A-28.wav,235874,snoring,snoring,snoring,0.84,True,ACCEPT_LABEL
5-235893-A-28.wav,235893,snoring,snoring,snoring,0.808,True,ACCEPT_LABEL
5-236288-A-28.wav,236288,snoring,snoring,snoring,0.84,True,ACCEPT_LABEL
5-238021-A-35.wav,238021,washing_machine,background_noise,background_noise,0.824,True,ACCEPT_LABEL
5-240671-A-44.wav,240671,engine,background_noise,background_noise,0.548,True,ACCEPT_LABEL
5-243773-A-44.wav,243773,engine,background_noise,background_noise,0.856,True,ACCEPT_LABEL
5-243773-B-44.wav,243773,engine,background_noise,background_noise,0.896,True,ACCEPT_LABEL
5-243783-A-44.wav,243783,engine,background_noise,background_noise,0.888,True,ACCEPT_LABEL
5-244459-A-28.wav,244459,snoring,snoring,snoring,0.828,True,ACCEPT_LABEL
5-245040-A-35.wav,245040,washing_machine,background_noise,background_noise,0.872,True,ACCEPT_LABEL
5-249748-A-28.wav,249748,snoring,snoring,snoring,0.724,True,ACCEPT_LABEL
5-251489-A-24.wav,251489,coughing,coughing,coughing,0.912,True,ACCEPT_LABEL
5-260875-A-35.wav,260875,washing_machine,background_noise,background_noise,0.856,True,ACCEPT_LABEL
5-263902-A-36.wav,263902,vacuum_cleaner,background_noise,background_noise,0.876,True,ACCEPT_LABEL
