filename,fold,split_role,src_file,source_category,esc50_label,oof_rf_pred,oof_rf_conf,label_agreement,sample_action,sample_weight
1-17367-A-10.wav,1,train_pool,17367,rain,background_noise,background_noise,0.996,True,KEEP_UNIT_WEIGHT,1.0
1-18527-A-44.wav,1,train_pool,18527,engine,background_noise,background_noise,0.688,True,KEEP_UNIT_WEIGHT,1.0
1-18527-B-44.wav,1,train_pool,18527,engine,background_noise,background_noise,0.58,True,KEEP_UNIT_WEIGHT,1.0
1-187207-A-20.wav,1,train_pool,187207,crying_baby,crying_baby,coughing,0.656,False,DOWNWEIGHT_NOISY_LABEL,0.35
1-19111-A-24.wav,1,train_pool,19111,coughing,coughing,coughing,0.88,True,KEEP_UNIT_WEIGHT,1.0
1-19840-A-36.wav,1,train_pool,19840,vacuum_cleaner,background_noise,background_noise,0.932,True,KEEP_UNIT_WEIGHT,1.0
1-19872-A-36.wav,1,train_pool,19872,vacuum_cleaner,background_noise,background_noise,0.948,True,KEEP_UNIT_WEIGHT,1.0
1-19872-B-36.wav,1,train_pool,19872,vacuum_cleaner,background_noise,background_noise,0.984,True,KEEP_UNIT_WEIGHT,1.0
1-20545-A-28.wav,1,train_pool,20545,snoring,snoring,coughing,0.612,False,KEEP_UNIT_WEIGHT,1.0
1-211527-A-20.wav,1,train_pool,211527,crying_baby,crying_baby,crying_baby,0.704,True,KEEP_UNIT_WEIGHT,1.0
1-211527-B-20.wav,1,train_pool,211527,crying_baby,crying_baby,crying_baby,0.512,True,KEEP_UNIT_WEIGHT,1.0
1-211527-C-20.wav,1,train_pool,211527,crying_baby,crying_baby,crying_baby,0.644,True,KEEP_UNIT_WEIGHT,1.0
1-21189-A-10.wav,1,train_pool,21189,rain,background_noise,background_noise,0.996,True,KEEP_UNIT_WEIGHT,1.0
1-21896-A-35.wav,1,train_pool,21896,washing_machine,background_noise,background_noise,0.656,True,KEEP_UNIT_WEIGHT,1.0
1-22694-A-20.wav,1,train_pool,22694,crying_baby,crying_baby,crying_baby,0.624,True,KEEP_UNIT_WEIGHT,1.0
1-22694-B-20.wav,1,train_pool,22694,crying_baby,crying_baby,crying_baby,0.484,True,KEEP_UNIT_WEIGHT,1.0
1-22882-A-44.wav,1,train_pool,22882,engine,background_noise,background_noise,0.94,True,KEEP_UNIT_WEIGHT,1.0
1-23996-A-35.wav,1,train_pool,23996,washing_machine,background_noise,background_noise,0.896,True,KEEP_UNIT_WEIGHT,1.0
1-26222-A-10.wav,1,train_pool,26222,rain,background_noise,background_noise,0.984,True,KEEP_UNIT_WEIGHT,1.0
1-27165-A-35.wav,1,train_pool,27165,washing_machine,background_noise,background_noise,0.972,True,KEEP_UNIT_WEIGHT,1.0
1-27166-A-35.wav,1,train_pool,27166,washing_machine,background_noise,background_noise,0.852,True,KEEP_UNIT_WEIGHT,1.0
1-27403-A-28.wav,1,train_pool,27403,snoring,snoring,snoring,0.728,True,KEEP_UNIT_WEIGHT,1.0
1-27405-A-28.wav,1,train_pool,27405,snoring,snoring,snoring,0.74,True,KEEP_UNIT_WEIGHT,1.0
1-29561-A-10.wav,1,train_pool,29561,rain,background_noise,background_noise,0.948,True,KEEP_UNIT_WEIGHT,1.0
1-30830-A-24.wav,1,train_pool,30830,coughing,coughing,coughing,0.388,True,KEEP_UNIT_WEIGHT,1.0
1-32373-A-35.wav,1,train_pool,32373,washing_machine,background_noise,background_noise,0.912,True,KEEP_UNIT_WEIGHT,1.0
1-32373-B-35.wav,1,train_pool,32373,washing_machine,background_noise,background_noise,0.928,True,KEEP_UNIT_WEIGHT,1.0
1-39937-A-28.wav,1,train_pool,39937,snoring,snoring,background_noise,0.6,False,KEEP_UNIT_WEIGHT,1.0
1-40621-A-28.wav,1,train_pool,40621,snoring,snoring,snoring,0.732,True,KEEP_UNIT_WEIGHT,1.0
1-40967-A-28.wav,1,train_pool,40967,snoring,snoring,snoring,0.488,True,KEEP_UNIT_WEIGHT,1.0
1-47923-A-28.wav,1,train_pool,47923,snoring,snoring,crying_baby,0.452,False,KEEP_UNIT_WEIGHT,1.0
1-49098-A-35.wav,1,train_pool,49098,washing_machine,background_noise,background_noise,0.82,True,KEEP_UNIT_WEIGHT,1.0
1-50060-A-10.wav,1,train_pool,50060,rain,background_noise,background_noise,0.964,True,KEEP_UNIT_WEIGHT,1.0
1-50454-A-44.wav,1,train_pool,50454,engine,background_noise,background_noise,0.844,True,KEEP_UNIT_WEIGHT,1.0
1-50455-A-44.wav,1,train_pool,50455,engine,background_noise,background_noise,0.76,True,KEEP_UNIT_WEIGHT,1.0
1-52266-A-24.wav,1,train_pool,52266,coughing,coughing,coughing,0.892,True,KEEP_UNIT_WEIGHT,1.0
1-52323-A-24.wav,1,train_pool,52323,coughing,coughing,coughing,0.752,True,KEEP_UNIT_WEIGHT,1.0
1-53663-A-24.wav,1,train_pool,53663,coughing,coughing,coughing,0.864,True,KEEP_UNIT_WEIGHT,1.0
1-54084-A-42.wav,1,train_pool,54084,siren,siren,siren,0.32,True,KEEP_UNIT_WEIGHT,1.0
1-54958-A-10.wav,1,train_pool,54958,rain,background_noise,background_noise,0.98,True,KEEP_UNIT_WEIGHT,1.0
1-56311-A-10.wav,1,train_pool,56311,rain,background_noise,background_noise,0.96,True,KEEP_UNIT_WEIGHT,1.0
1-60460-A-36.wav,1,train_pool,60460,vacuum_cleaner,background_noise,background_noise,0.936,True,KEEP_UNIT_WEIGHT,1.0
1-60997-A-20.wav,1,train_pool,60997,crying_baby,crying_baby,crying_baby,0.876,True,KEEP_UNIT_WEIGHT,1.0
1-60997-B-20.wav,1,train_pool,60997,crying_baby,crying_baby,crying_baby,0.868,True,KEEP_UNIT_WEIGHT,1.0
1-61261-A-44.wav,1,train_pool,61261,engine,background_noise,background_noise,0.58,True,KEEP_UNIT_WEIGHT,1.0
1-62565-A-44.wav,1,train_pool,62565,engine,background_noise,background_noise,0.436,True,KEEP_UNIT_WEIGHT,1.0
1-63679-A-24.wav,1,train_pool,63679,coughing,coughing,coughing,0.8,True,KEEP_UNIT_WEIGHT,1.0
1-63871-A-10.wav,1,train_pool,63871,rain,background_noise,background_noise,0.988,True,KEEP_UNIT_WEIGHT,1.0
2-101676-A-10.wav,2,train_pool,101676,rain,background_noise,background_noise,0.896,True,KEEP_UNIT_WEIGHT,1.0
2-102567-A-35.wav,2,train_pool,102567,washing_machine,background_noise,background_noise,0.724,True,KEEP_UNIT_WEIGHT,1.0
2-102567-B-35.wav,2,train_pool,102567,washing_machine,background_noise,background_noise,0.844,True,KEEP_UNIT_WEIGHT,1.0
2-102567-C-35.wav,2,train_pool,102567,washing_machine,background_noise,background_noise,0.764,True,KEEP_UNIT_WEIGHT,1.0
2-102567-D-35.wav,2,train_pool,102567,washing_machine,background_noise,background_noise,0.696,True,KEEP_UNIT_WEIGHT,1.0
2-102568-A-35.wav,2,train_pool,102568,washing_machine,background_noise,background_noise,0.752,True,KEEP_UNIT_WEIGHT,1.0
2-106014-A-44.wav,2,train_pool,106014,engine,background_noise,background_noise,0.936,True,KEEP_UNIT_WEIGHT,1.0
2-106015-A-44.wav,2,train_pool,106015,engine,background_noise,background_noise,0.74,True,KEEP_UNIT_WEIGHT,1.0
2-106015-B-44.wav,2,train_pool,106015,engine,background_noise,background_noise,0.812,True,KEEP_UNIT_WEIGHT,1.0
2-106486-A-44.wav,2,train_pool,106486,engine,background_noise,background_noise,0.956,True,KEEP_UNIT_WEIGHT,1.0
2-106487-A-44.wav,2,train_pool,106487,engine,background_noise,background_noise,0.648,True,KEEP_UNIT_WEIGHT,1.0
2-107228-B-44.wav,2,train_pool,107228,engine,background_noise,snoring,0.512,False,KEEP_UNIT_WEIGHT,1.0
2-107351-A-20.wav,2,train_pool,107351,crying_baby,crying_baby,crying_baby,0.864,True,KEEP_UNIT_WEIGHT,1.0
2-110417-A-28.wav,2,train_pool,110417,snoring,snoring,snoring,0.6,True,KEEP_UNIT_WEIGHT,1.0
2-110417-B-28.wav,2,train_pool,110417,snoring,snoring,snoring,0.44,True,KEEP_UNIT_WEIGHT,1.0
2-114609-A-28.wav,2,train_pool,114609,snoring,snoring,coughing,0.588,False,KEEP_UNIT_WEIGHT,1.0
2-114609-B-28.wav,2,train_pool,114609,snoring,snoring,snoring,0.616,True,KEEP_UNIT_WEIGHT,1.0
2-117330-A-28.wav,2,train_pool,117330,snoring,snoring,snoring,0.78,True,KEEP_UNIT_WEIGHT,1.0
2-117625-A-10.wav,2,train_pool,117625,rain,background_noise,background_noise,0.988,True,KEEP_UNIT_WEIGHT,1.0
2-121909-A-35.wav,2,train_pool,121909,washing_machine,background_noise,background_noise,0.788,True,KEEP_UNIT_WEIGHT,1.0
2-122820-A-36.wav,2,train_pool,122820,vacuum_cleaner,background_noise,background_noise,0.868,True,KEEP_UNIT_WEIGHT,1.0
2-122820-B-36.wav,2,train_pool,122820,vacuum_cleaner,background_noise,background_noise,0.9,True,KEEP_UNIT_WEIGHT,1.0
2-141681-A-36.wav,2,train_pool,141681,vacuum_cleaner,background_noise,background_noise,0.96,True,KEEP_UNIT_WEIGHT,1.0
2-141681-B-36.wav,2,train_pool,141681,vacuum_cleaner,background_noise,background_noise,0.964,True,KEEP_UNIT_WEIGHT,1.0
2-151079-A-20.wav,2,train_pool,151079,crying_baby,crying_baby,crying_baby,0.544,True,KEEP_UNIT_WEIGHT,1.0
2-43802-A-42.wav,2,train_pool,43802,siren,siren,background_noise,0.78,False,DOWNWEIGHT_NOISY_LABEL,0.35
2-43806-A-42.wav,2,train_pool,43806,siren,siren,snoring,0.38,False,KEEP_UNIT_WEIGHT,1.0
2-50665-A-20.wav,2,train_pool,50665,crying_baby,crying_baby,crying_baby,0.48,True,KEEP_UNIT_WEIGHT,1.0
2-50666-A-20.wav,2,train_pool,50666,crying_baby,crying_baby,crying_baby,0.468,True,KEEP_UNIT_WEIGHT,1.0
2-51173-A-35.wav,2,train_pool,51173,washing_machine,background_noise,background_noise,0.676,True,KEEP_UNIT_WEIGHT,1.0
2-52001-A-28.wav,2,train_pool,52001,snoring,snoring,snoring,0.556,True,KEEP_UNIT_WEIGHT,1.0
2-52001-B-28.wav,2,train_pool,52001,snoring,snoring,snoring,0.596,True,KEEP_UNIT_WEIGHT,1.0
2-59241-A-35.wav,2,train_pool,59241,washing_machine,background_noise,background_noise,0.952,True,KEEP_UNIT_WEIGHT,1.0
2-66637-A-20.wav,2,train_pool,66637,crying_baby,crying_baby,crying_baby,0.552,True,KEEP_UNIT_WEIGHT,1.0
2-66637-B-20.wav,2,train_pool,66637,crying_baby,crying_baby,crying_baby,0.6,True,KEEP_UNIT_WEIGHT,1.0
2-70936-A-42.wav,2,train_pool,70936,siren,siren,crying_baby,0.44,False,KEEP_UNIT_WEIGHT,1.0
2-72970-A-10.wav,2,train_pool,72970,rain,background_noise,background_noise,0.904,True,KEEP_UNIT_WEIGHT,1.0
2-73027-A-10.wav,2,train_pool,73027,rain,background_noise,background_noise,0.996,True,KEEP_UNIT_WEIGHT,1.0
2-73260-A-10.wav,2,train_pool,73260,rain,background_noise,background_noise,0.656,True,KEEP_UNIT_WEIGHT,1.0
2-78651-A-44.wav,2,train_pool,78651,engine,background_noise,background_noise,0.348,True,KEEP_UNIT_WEIGHT,1.0
2-80313-A-28.wav,2,train_pool,80313,snoring,snoring,snoring,0.808,True,KEEP_UNIT_WEIGHT,1.0
2-80482-A-20.wav,2,train_pool,80482,crying_baby,crying_baby,crying_baby,0.912,True,KEEP_UNIT_WEIGHT,1.0
2-81731-A-10.wav,2,train_pool,81731,rain,background_noise,background_noise,0.488,True,KEEP_UNIT_WEIGHT,1.0
2-82367-A-10.wav,2,train_pool,82367,rain,background_noise,background_noise,0.948,True,KEEP_UNIT_WEIGHT,1.0
2-87781-A-10.wav,2,train_pool,87781,rain,background_noise,background_noise,0.86,True,KEEP_UNIT_WEIGHT,1.0
2-98676-A-24.wav,2,train_pool,98676,coughing,coughing,coughing,0.956,True,KEEP_UNIT_WEIGHT,1.0
3-119455-A-44.wav,3,train_pool,119455,engine,background_noise,background_noise,0.864,True,KEEP_UNIT_WEIGHT,1.0
3-123086-A-28.wav,3,train_pool,123086,snoring,snoring,snoring,0.46,True,KEEP_UNIT_WEIGHT,1.0
3-124795-A-28.wav,3,train_pool,124795,snoring,snoring,background_noise,0.692,False,DOWNWEIGHT_NOISY_LABEL,0.35
3-124958-A-28.wav,3,train_pool,124958,snoring,snoring,snoring,0.74,True,KEEP_UNIT_WEIGHT,1.0
3-125418-A-24.wav,3,train_pool,125418,coughing,coughing,snoring,0.532,False,KEEP_UNIT_WEIGHT,1.0
3-128160-A-44.wav,3,train_pool,128160,engine,background_noise,background_noise,0.88,True,KEEP_UNIT_WEIGHT,1.0
3-130998-A-28.wav,3,train_pool,130998,snoring,snoring,snoring,0.548,True,KEEP_UNIT_WEIGHT,1.0
3-132601-A-24.wav,3,train_pool,132601,coughing,coughing,coughing,0.972,True,KEEP_UNIT_WEIGHT,1.0
3-132852-A-10.wav,3,train_pool,132852,rain,background_noise,background_noise,0.632,True,KEEP_UNIT_WEIGHT,1.0
3-135469-A-35.wav,3,train_pool,135469,washing_machine,background_noise,snoring,0.436,False,KEEP_UNIT_WEIGHT,1.0
3-140774-A-10.wav,3,train_pool,140774,rain,background_noise,background_noise,0.896,True,KEEP_UNIT_WEIGHT,1.0
3-141240-B-44.wav,3,train_pool,141240,engine,background_noise,snoring,0.548,False,KEEP_UNIT_WEIGHT,1.0
3-142005-A-10.wav,3,train_pool,142005,rain,background_noise,background_noise,0.904,True,KEEP_UNIT_WEIGHT,1.0
3-142006-A-10.wav,3,train_pool,142006,rain,background_noise,background_noise,0.992,True,KEEP_UNIT_WEIGHT,1.0
3-142604-A-24.wav,3,train_pool,142604,coughing,coughing,coughing,0.872,True,KEEP_UNIT_WEIGHT,1.0
3-143929-A-10.wav,3,train_pool,143929,rain,background_noise,background_noise,0.716,True,KEEP_UNIT_WEIGHT,1.0
3-145487-A-24.wav,3,train_pool,145487,coughing,coughing,coughing,0.812,True,KEEP_UNIT_WEIGHT,1.0
3-146186-A-44.wav,3,train_pool,146186,engine,background_noise,background_noise,0.624,True,KEEP_UNIT_WEIGHT,1.0
3-146873-A-24.wav,3,train_pool,146873,coughing,coughing,coughing,0.952,True,KEEP_UNIT_WEIGHT,1.0
3-151080-A-20.wav,3,train_pool,151080,crying_baby,crying_baby,crying_baby,0.756,True,KEEP_UNIT_WEIGHT,1.0
3-151081-A-20.wav,3,train_pool,151081,crying_baby,crying_baby,crying_baby,0.512,True,KEEP_UNIT_WEIGHT,1.0
3-151081-B-20.wav,3,train_pool,151081,crying_baby,crying_baby,crying_baby,0.572,True,KEEP_UNIT_WEIGHT,1.0
3-151212-A-24.wav,3,train_pool,151212,coughing,coughing,coughing,0.88,True,KEEP_UNIT_WEIGHT,1.0
3-151255-A-28.wav,3,train_pool,151255,snoring,snoring,snoring,0.636,True,KEEP_UNIT_WEIGHT,1.0
3-151557-A-28.wav,3,train_pool,151557,snoring,snoring,snoring,0.8,True,KEEP_UNIT_WEIGHT,1.0
3-152007-A-20.wav,3,train_pool,152007,crying_baby,crying_baby,crying_baby,0.82,True,KEEP_UNIT_WEIGHT,1.0
3-152007-B-20.wav,3,train_pool,152007,crying_baby,crying_baby,crying_baby,0.616,True,KEEP_UNIT_WEIGHT,1.0
3-152007-C-20.wav,3,train_pool,152007,crying_baby,crying_baby,crying_baby,0.752,True,KEEP_UNIT_WEIGHT,1.0
3-152007-D-20.wav,3,train_pool,152007,crying_baby,crying_baby,crying_baby,0.772,True,KEEP_UNIT_WEIGHT,1.0
3-152007-E-20.wav,3,train_pool,152007,crying_baby,crying_baby,crying_baby,0.76,True,KEEP_UNIT_WEIGHT,1.0
3-154758-A-44.wav,3,train_pool,154758,engine,background_noise,background_noise,0.952,True,KEEP_UNIT_WEIGHT,1.0
3-156391-A-35.wav,3,train_pool,156391,washing_machine,background_noise,background_noise,0.908,True,KEEP_UNIT_WEIGHT,1.0
3-156393-A-35.wav,3,train_pool,156393,washing_machine,background_noise,background_noise,0.9,True,KEEP_UNIT_WEIGHT,1.0
3-157149-A-10.wav,3,train_pool,157149,rain,background_noise,background_noise,0.876,True,KEEP_UNIT_WEIGHT,1.0
3-157487-A-10.wav,3,train_pool,157487,rain,background_noise,background_noise,0.948,True,KEEP_UNIT_WEIGHT,1.0
3-157615-A-10.wav,3,train_pool,157615,rain,background_noise,background_noise,0.984,True,KEEP_UNIT_WEIGHT,1.0
3-159346-A-36.wav,3,train_pool,159346,vacuum_cleaner,background_noise,background_noise,0.984,True,KEEP_UNIT_WEIGHT,1.0
3-159346-B-36.wav,3,train_pool,159346,vacuum_cleaner,background_noise,background_noise,0.984,True,KEEP_UNIT_WEIGHT,1.0
3-159347-A-36.wav,3,train_pool,159347,vacuum_cleaner,background_noise,background_noise,0.92,True,KEEP_UNIT_WEIGHT,1.0
3-159347-B-36.wav,3,train_pool,159347,vacuum_cleaner,background_noise,background_noise,0.804,True,KEEP_UNIT_WEIGHT,1.0
3-159348-A-36.wav,3,train_pool,159348,vacuum_cleaner,background_noise,background_noise,0.852,True,KEEP_UNIT_WEIGHT,1.0
3-259622-A-44.wav,3,train_pool,259622,engine,background_noise,background_noise,0.832,True,KEEP_UNIT_WEIGHT,1.0
3-51376-A-42.wav,3,train_pool,51376,siren,siren,siren,0.428,True,KEEP_UNIT_WEIGHT,1.0
3-51731-A-42.wav,3,train_pool,51731,siren,siren,background_noise,0.776,False,DOWNWEIGHT_NOISY_LABEL,0.35
3-58772-A-42.wav,3,train_pool,58772,siren,siren,background_noise,0.332,False,KEEP_UNIT_WEIGHT,1.0
3-62878-B-42.wav,3,train_pool,62878,siren,siren,crying_baby,0.48,False,KEEP_UNIT_WEIGHT,1.0
